cv_rmse,test_source_rmse,test_target_rmse,dataset_size_importance,genetic_importance,geographic_importance,syntactic_importance,inventory_importance,phonological_importance,featural_importance,avg_train_sentence_length_importance,avg_dev_sentence_length_importance,avg_test_sentence_length_importance,ttr_train_importance,ttr_dev_importance,ttr_test_importance,train_dev_ttr_distance_importance,train_test_ttr_distance_importance,dev_test_ttr_distance_importance,train_dev_jsd_importance,train_test_jsd_importance,dev_test_jsd_importance,train_dev_tf_idf_importance,train_test_tf_idf_importance,dev_test_tf_idf_importance,train_dev_st_similarity_importance,train_test_st_similarity_importance,dev_test_st_similarity_importance,trfm_spBLEU_mean_importance,small100_noft_spBLEU_mean_importance,small100_ft_spBLEU_mean_importance,nllb_noft_spBLEU_mean_importance,eta,n_estimators,cv_rmse_se,test_source_rmse_se,test_target_rmse_se,lang,nlperf_only,dataset_features,lang_features,with_trfm,with_small100_ft,with_small100_noft,with_model_noft
1.8743551830445488,1.7283814583216803,3.584343883908569,0.0046066754,0.0284076,0.003495738,0.035474136,0.014701744,0.015455073,0.0062282435,0.003911941,0.010493527,0.012169741,0.0075430125,0.006994241,0.01587917,0.003794746,0.002095155,0.0033837692,0.0015054574,0.001843724,0.025696775,0.0005914325,0.0009122921,0.37553763,0.008439064,0.008126905,0.053784274,0.034663744,0.0040783575,0.16286781,0.14731799,0.0593919174164906,1420.0,0.0824509515037542,0.0919842016050835,0.1272649136866666,jav,False,True,True,True,True,True,True
1.5060785523157991,5.8042913121521975,6.046042935100688,0.042871203,0.118643045,0.009971621,0.18312602,0.04406033,0.08274688,0.04927583,0.0044454644,0.08130026,0.117617175,0.018910524,0.031463288,0.08455902,0.0070884014,0.0155144185,0.108406544,,,,,,,,,,,,,,0.0467083617843073,1860.0,0.1481968820885252,0.2668625387554584,0.2634265379459307,jav,True,False,False,False,False,False,False
6.921825305129419,1.3595078914570158,6.74548299165397,0.014447616,,,,,,,0.011916031,0.041914582,0.05535233,0.020151602,0.043672066,0.055546474,0.020792898,0.01333206,0.06079637,0.021774944,0.03200525,0.10766294,0.014436627,0.032498457,0.26472646,0.022642191,0.027962247,0.13836887,,,,,0.0280000328770418,480.0,0.0944329609002529,0.1649741151183278,0.2169634861741881,jav,False,True,False,False,False,False,False
4.698309330516748,8.13360454471674,5.897788857991606,,0.2083077,0.05425778,0.3066432,0.12844801,0.1880916,0.114251755,,,,,,,,,,,,,,,,,,,,,,,0.0120131097831382,380.0,0.0657888381169406,0.1449698193369675,0.1341535117057732,jav,False,False,True,False,False,False,False
1.46579835242009,4.883004089855383,7.107871461280982,0.027208567,0.04389044,0.0047785006,0.053487115,0.010701902,0.023289537,0.005240687,0.0014231201,0.018292744,0.016912369,0.004823209,0.020080963,0.035774015,0.005127093,0.002117512,0.00709313,0.008382675,0.010314088,0.07851505,0.0002848153,0.0006365731,0.560156,0.005049712,0.001613701,0.05480656,,,,,0.0558782375184505,1700.0,0.1000063086335102,0.1786860340012302,0.3573903352990158,jav,False,True,True,False,False,False,False
4.214602681557701,2.51512667618136,4.019001478777953,0.021460405,,,,,,,0.010522427,0.051469307,0.03797225,0.017607925,0.04321611,0.025986219,0.022560716,0.009435612,0.017652344,0.01571389,0.01892474,0.15130296,0.005666935,0.006819904,0.26958346,0.037373908,0.03581076,0.11793736,0.08298276,,,,0.0187679524118825,1200.0,0.149539509495706,0.0617749809839096,0.1736884326290295,jav,False,True,False,True,False,False,False
3.545709376242738,5.563103620120982,4.921061205525655,,0.12982628,0.018377809,0.26734763,0.113855205,0.1406621,0.069750845,,,,,,,,,,,,,,,,,,,0.26018012,,,,0.0112246028284879,800.0,0.1139462150141345,0.153836424679136,0.0830114207747326,jav,False,False,True,True,False,False,False
1.7437112207637462,3.4590555742810785,5.460561004792518,0.012490207,0.038245615,0.00356413,0.066839024,0.015123871,0.036629044,0.01014611,0.0033414452,0.030161459,0.027132327,0.002797021,0.016041512,0.015583073,0.0029871345,0.0014802112,0.010570585,0.008317373,0.0043677487,0.09086747,0.00071080873,0.0011726377,0.45994335,0.013266629,0.0040827054,0.06897573,0.055162776,,,,0.0508256157070794,1740.0,0.0928151333760242,0.1717468608685537,0.260511142712164,jav,False,True,True,True,False,False,False
2.8392896807172767,1.9582589409584528,6.389418456763332,0.020746205,,,,,,,0.010232141,0.05991572,0.037037928,0.01266369,0.0267491,0.016228061,0.013450369,0.007128246,0.0183619,0.013797812,0.028353661,0.12142992,0.0037590428,0.008683253,0.21939225,0.009479779,0.01573376,0.19925389,,,0.1576033,,0.0268310439559843,600.0,0.0564033667033012,0.0399333855566591,0.1914495982947016,jav,False,True,False,False,True,False,False
2.500768283329868,2.979344603356754,6.026036368930976,,0.13780245,0.011201059,0.23222026,0.0951547,0.13468006,0.046996977,,,,,,,,,,,,,,,,,,,,,0.34194452,,0.0184290751075026,560.0,0.1025475679200345,0.1361094621716706,0.1082040369132397,jav,False,False,True,False,True,False,False
1.8255418472858616,2.326919798581348,6.293926616111047,0.01632161,0.03281744,0.004905424,0.0610267,0.016695479,0.026756495,0.010587545,0.003774492,0.042794444,0.032430407,0.006432975,0.0039190883,0.0059092226,0.004579705,0.0030479822,0.010462785,0.00862727,0.0057468256,0.094294384,0.00057810923,0.0013102683,0.37472618,0.004736164,0.0032137043,0.11381918,,,0.11048611,,0.0591443168487987,1740.0,0.1062469135365052,0.288662408661909,0.2186266721104557,jav,False,True,True,False,True,False,False
3.356278427059025,2.928080849432217,5.58070494175787,0.019297367,,,,,,,0.007572137,0.04285752,0.03937842,0.01159146,0.04025339,0.025426075,0.0135314185,0.006334208,0.013603781,0.015494329,0.024830904,0.120053686,0.0048760893,0.006330119,0.42151108,0.010244873,0.01036664,0.11661192,,0.049834557,,,0.0640483058955282,1860.0,0.2037921119697401,0.2622966436608865,0.2214766890061617,jav,False,True,False,False,False,True,False
3.7528365292215775,10.355540879807602,6.268043246886927,,0.17638226,0.03075186,0.31407696,0.12850991,0.1783922,0.060227025,,,,,,,,,,,,,,,,,,,,0.11165979,,,0.072162980046691,760.0,0.1603895369375896,1.0538074231284578,0.920786834063619,jav,False,False,True,False,False,True,False
1.5322319916448202,4.680461533961224,6.79326683938339,0.018609107,0.044395052,0.003440793,0.055072326,0.011554378,0.021940071,0.004735779,0.0012097157,0.01697327,0.020736061,0.0045618773,0.010634561,0.010362323,0.004351692,0.0015662669,0.0032574988,0.0073389984,0.008968954,0.058130093,0.00023793965,0.0011367184,0.6277342,0.0049678497,0.0016307399,0.052106805,,0.004346848,,,0.0546420266971,1740.0,0.132002274830923,0.1180332450398346,0.2542613568686457,jav,False,True,True,False,False,True,False
2.7054979834227457,1.6383175484549366,5.189163518588805,0.027166914,,,,,,,0.00807408,0.034066282,0.018853182,0.0132139595,0.03385915,0.028387213,0.0098810345,0.0057065166,0.035859175,0.014261889,0.027421093,0.07649924,0.0026852465,0.0077762553,0.331776,0.018627636,0.013232221,0.10580514,,0.029965917,0.15688184,,0.0418832820180272,600.0,0.0622704255730329,0.0951032360592831,0.1313863089999225,jav,False,True,False,False,True,True,False
2.467208180926505,3.562421524731608,5.662137809874859,,0.13900146,0.014429097,0.2693837,0.070237935,0.14256391,0.042806935,,,,,,,,,,,,,,,,,,,,0.048857495,0.27271944,,0.0290344521868066,1200.0,0.2109192149461904,0.2418455557736584,0.1213000581497007,jav,False,False,True,False,True,True,False
1.9106341317934288,2.081563913036088,5.885143348860139,0.009215262,0.04437695,0.0040088994,0.049631502,0.011966019,0.025244419,0.004272057,0.0034670357,0.02373698,0.024033738,0.007044621,0.01259439,0.0023839627,0.003746224,0.00253435,0.0014375754,0.003754913,0.006097154,0.06400187,0.00036579484,0.000526719,0.5261745,0.0046552448,0.0028739695,0.055829793,,0.004682785,0.1013433,,0.052306065982462,1680.0,0.078298307620238,0.2616130243427936,0.0649076499211455,jav,False,True,True,False,True,True,False
2.106350841413085,2.899312520883011,4.189278453708687,0.014558812,,,,,,,0.006902995,0.032202758,0.029805386,0.010987932,0.030537624,0.008194622,0.0065943887,0.0029862456,0.021982867,0.0072875144,0.01984562,0.12446282,0.0018151684,0.003407003,0.47012204,0.013692873,0.010867375,0.12153135,,,,0.062214583,0.0660787396100173,1920.0,0.2086825591366315,0.0920928890498896,0.0815755986227481,jav,False,True,False,False,False,False,True
3.67960651060181,4.219050783032417,2.857428328794948,,0.11962487,0.021948386,0.2529574,0.10181092,0.1158544,0.052765958,,,,,,,,,,,,,,,,,,,,,,0.3350381,0.0103733968968448,560.0,0.1043008373530572,0.0833570984132996,0.1604711697248717,jav,False,False,True,False,False,False,True
1.5418944179487772,3.474210043061541,1.9558928565549287,0.03422459,0.053213023,0.0048650787,0.06113441,0.018551027,0.023588538,0.0070108874,0.0026197028,0.047272608,0.025814515,0.014146358,0.009686127,0.002537835,0.005881384,0.003990307,0.018620817,0.008192388,0.014896875,0.07183188,0.00025709247,0.0033166856,0.35858694,0.0060529215,0.001965555,0.090817876,,,,0.11092458,0.047815695093625,1500.0,0.1443561366890204,0.1763344466085117,0.2747047564162175,jav,False,True,True,False,False,False,True
1.9527384581896217,3.0088188321850686,3.3731263911074123,0.014473939,0.011311923,0.04348687,0.025212232,0.009009365,0.014651375,0.013613167,0.0053484226,0.03314906,0.02674157,0.0062152613,0.0065265335,0.004329469,0.0041736425,0.0030230945,0.05222956,0.021793421,0.008850615,0.25506672,0.0014521808,0.0019970103,0.033188112,0.0051115495,0.0057139006,0.020296797,0.033806138,0.028850993,0.14424786,0.1661292,0.0527879934124311,1600.0,0.1380022023879893,0.191215188545121,0.3210269027060565,min,False,True,True,True,True,True,True
1.542484578513036,6.177543354697669,8.738578486472623,0.032083675,0.034125157,0.16457835,0.15173844,0.007987295,0.07883735,0.016083082,0.0063433535,0.13993344,0.15108776,0.023848293,0.027988184,0.072128594,0.006715525,0.011462179,0.07505931,,,,,,,,,,,,,,0.0629497128835672,1760.0,0.1134699117130042,0.4555306052350514,0.510682409788349,min,True,False,False,False,False,False,False
5.697328781526609,6.342686459530437,11.20876080360046,0.0167103,,,,,,,0.009142716,0.07298703,0.07952999,0.018071705,0.07097943,0.08598453,0.017078038,0.011374607,0.04266119,0.019280529,0.03777065,0.24100704,0.007677424,0.007211295,0.2012454,0.014945582,0.019882675,0.026459798,,,,,0.01,340.0,0.0866565149749997,0.2010777597509764,0.1626717679066309,min,False,True,False,False,False,False,False
4.32455299799219,8.25724663435245,9.789343080451763,,0.12378864,0.22793409,0.2809022,0.08688898,0.19463012,0.085855946,,,,,,,,,,,,,,,,,,,,,,,0.0460074701765213,740.0,0.0565253503926016,0.3000896350554734,0.3458302536466603,min,False,False,True,False,False,False,False
1.5084017579671438,5.715145714834264,9.066763628899045,0.02175673,0.009640743,0.061511565,0.04587054,0.0023147094,0.02096141,0.0025949583,0.0023483008,0.0369635,0.026782071,0.0061047566,0.05637162,0.01079517,0.0042697936,0.0012039455,0.019575488,0.009067632,0.0066335863,0.433215,0.00058443064,0.0012141602,0.21073246,0.0015982684,0.0021481349,0.005741013,,,,,0.0474910688166898,1700.0,0.1107379429541537,0.239381844710128,0.6070197075629108,min,False,True,True,False,False,False,False
4.022077737766017,3.3160912686110366,6.829556140893149,0.014170845,,,,,,,0.014675613,0.069299094,0.060530435,0.015124147,0.064805776,0.08391404,0.020120522,0.011188464,0.023880083,0.01634764,0.01758316,0.20552318,0.004785889,0.006219653,0.17598507,0.029610083,0.049404345,0.038763233,0.07806873,,,,0.0142644669242056,660.0,0.0450570936445273,0.2844166914082633,0.3768622027826718,min,False,True,False,True,False,False,False
3.283209944557491,5.940494845544807,6.1731878798847175,,0.053873986,0.17737292,0.24743637,0.05418815,0.1710951,0.0580588,,,,,,,,,,,,,,,,,,,0.2379746,,,,0.0338517184037533,500.0,0.0613225438512977,0.0916954655318036,0.3053460618269476,min,False,False,True,True,False,False,False
1.868139445601551,4.894278666507684,7.762788832632877,0.016142966,0.006343043,0.058226563,0.051663272,0.0038196563,0.02555967,0.0050812443,0.0035977648,0.07018524,0.050478477,0.002444022,0.048065633,0.02184607,0.0030450784,0.0017196474,0.025019905,0.004869907,0.0039305864,0.36442992,0.0007753781,0.0012385834,0.16624382,0.008191992,0.006234776,0.013706217,0.037140545,,,,0.0686045814028716,1480.0,0.1355337429263477,0.3072079239390007,0.5715592615125437,min,False,True,True,True,False,False,False
3.1480769796350687,3.147794130667992,3.385248204001514,0.024869917,,,,,,,0.009091448,0.08551726,0.07123231,0.012709886,0.057709098,0.09114027,0.013099009,0.01256606,0.05962171,0.015727857,0.018692814,0.20589826,0.0044358736,0.013205484,0.156506,0.0100672785,0.0101226475,0.0092960615,,,0.11849073,,0.0173833269352129,1200.0,0.0323423765498633,0.0452853511160897,0.1794776078012316,min,False,True,False,False,True,False,False
2.8018765821635485,3.399096676374797,4.428304601252593,,0.04220575,0.1748412,0.23156568,0.045139287,0.15992467,0.047107574,,,,,,,,,,,,,,,,,,,,,0.29921585,,0.0460427926542543,400.0,0.1202478900904544,0.2905557480177422,0.3593484684713765,min,False,False,True,False,True,False,False
2.0101001748996654,4.027891099359964,5.328402676388983,0.031710234,0.0046045356,0.08745315,0.0446971,0.005125604,0.02262794,0.005581845,0.003856574,0.074878976,0.07406206,0.0076518906,0.028510552,0.00083068444,0.0052373125,0.0036541491,0.036272474,0.010726253,0.0075220675,0.3035009,0.0014490031,0.0033041346,0.13712157,0.0027985137,0.0043783733,0.017625643,,,0.07481852,,0.0451368365684699,2000.0,0.1683215339030534,0.3167770654869734,0.6343993784308363,min,False,True,True,False,True,False,False
1.993806844715408,8.027295054451487,9.817227591226526,0.02120239,,,,,,,0.0043613734,0.046643376,0.05125605,0.010994902,0.07526986,0.045819648,0.0063490556,0.0026898314,0.047063366,0.012183068,0.021426518,0.38012555,0.0019213049,0.0016994092,0.20818679,0.0023845185,0.003966029,0.014296247,,0.042160716,,,0.0990922602873169,2000.0,0.2278703723612212,0.051920572660418,0.7725793492996641,min,False,True,False,False,False,True,False
3.444129867806517,7.954324223161559,7.425462875335649,,0.06691395,0.21128705,0.2700258,0.062875725,0.14252052,0.0794857,,,,,,,,,,,,,,,,,,,,0.16689128,,,0.0347876431849199,880.0,0.1277435169618685,0.1607086851526319,0.1860522304400449,min,False,False,True,False,False,True,False
1.572560132558909,7.122783787918347,8.260994019024245,0.022200497,0.0067455857,0.053495146,0.041371286,0.003360616,0.012568431,0.0042167823,0.0019280914,0.044424538,0.049714882,0.006718942,0.048324324,0.01119524,0.003887888,0.0008831966,0.034093454,0.009916195,0.011944344,0.4107922,0.00048202142,0.000648891,0.1703349,0.0016806904,0.0017448722,0.01870732,,0.028619638,,,0.0607744805898699,1780.0,0.1251633060305461,0.3722270957090244,0.8147375458813476,min,False,True,True,False,False,True,False
2.4815096134740653,4.081359964621755,4.136016648029377,0.026883727,,,,,,,0.0054636397,0.06108594,0.04994018,0.009237615,0.077247396,0.070167616,0.009197034,0.003995816,0.0757079,0.009151915,0.021233615,0.2961741,0.0028081,0.005958152,0.12618057,0.0052834987,0.0049910406,0.006911427,,0.031534974,0.10084579,,0.0465683502961821,1580.0,0.1362659970240821,0.2463066124127758,0.4596896724739796,min,False,True,False,False,True,True,False
2.542710543108893,2.9489600430107474,3.0189894342865413,,0.043360632,0.13251488,0.21416561,0.031555526,0.099103525,0.05431233,,,,,,,,,,,,,,,,,,,,0.12945458,0.29553288,,0.0439569103308422,780.0,0.2545348470733961,0.5916889615108855,0.3148135305584298,min,False,False,True,False,True,True,False
2.078240036087297,4.290743735986203,4.850590722449264,0.02559967,0.0029712615,0.09316671,0.026083697,0.003515002,0.012479541,0.007406433,0.003942686,0.05444645,0.032951128,0.005799292,0.07015303,0.069450915,0.0033447198,0.0028084756,0.034103863,0.007980339,0.011729244,0.2887312,0.0010061048,0.0037210123,0.12173788,0.0022703635,0.0030833252,0.0032744084,,0.031491224,0.07675204,,0.0752010181692355,1380.0,0.1245099241524903,0.3548173190687674,0.727669189571805,min,False,True,True,False,True,True,False
1.7968308677853315,4.060024716938819,9.143230429762962,0.013149348,,,,,,,0.010365356,0.06821816,0.05056568,0.01956373,0.06916068,0.057886243,0.0076039745,0.0051770285,0.010255946,0.022954246,0.007737705,0.34726593,0.002608766,0.0032073713,0.18301146,0.009304428,0.0066542877,0.03324248,,,,0.07206713,0.0832260844839511,2000.0,0.1799002198815309,0.1023556412595958,0.5253495258166596,min,False,True,False,False,False,False,True
3.429575151717473,5.375549445033866,5.926496587881738,,0.08138291,0.16119497,0.19352373,0.05877567,0.1411444,0.059164394,,,,,,,,,,,,,,,,,,,,,,0.30481392,0.0298662837876892,620.0,0.1303787640558422,0.042188975467265,0.1762980444905249,min,False,False,True,False,False,False,True
1.5427733875145269,4.470858139537929,6.66651805110701,0.02346454,0.016399717,0.062187918,0.044616036,0.0037963819,0.01784699,0.0046307533,0.0032897065,0.043783247,0.044456787,0.0078487275,0.012319287,0.0036267922,0.0059646945,0.0016130138,0.011340312,0.017052813,0.011266383,0.38648567,0.0005224468,0.00074531493,0.19686657,0.004488429,0.0022122462,0.012554565,,,,0.060620654,0.0481736769176074,1920.0,0.168461081104861,0.2038339658672459,0.2116387166570357,min,False,True,True,False,False,False,True
1.317063729715644,2.8960284509341703,3.27224636947904,0.0079878215,0.02790526,0.0025457442,0.044218116,0.024690371,0.018361812,0.00064609066,0.0031342716,0.022112146,0.010134013,0.0042508533,0.016367357,0.0005498106,0.0030649996,0.001075818,0.049528815,0.0055593248,0.0054223808,0.003207269,0.00032839156,0.0046590045,0.3860738,0.0019479081,0.0038846221,0.03196446,0.017765025,0.013989704,0.14464778,0.14397702,0.0527032211935873,1560.0,0.0688165217410028,0.0573052193061408,0.1422518526635506,bew,False,True,True,True,True,True,True
0.9270323197411996,4.905566127073716,5.677582114529051,0.030006548,0.112412095,0.020832634,0.20993659,0.034522057,0.08693819,0.016802909,0.0030075083,0.11011718,0.1317238,0.018153116,0.03755945,0.068137094,0.0071628415,0.021517672,0.091170266,,,,,,,,,,,,,,0.0642442027908962,1800.0,0.0165654778812455,0.1220766612851727,0.1533695267325786,bew,True,False,False,False,False,False,False
6.50823154654997,4.056706538845939,5.665011741974616,0.010648127,,,,,,,0.010053301,0.044931732,0.048767515,0.01188145,0.0450661,0.0534498,0.015635973,0.0072417334,0.04790656,0.015910497,0.035297085,0.13570465,0.0058884635,0.024606563,0.25550306,0.013527731,0.031462755,0.18651693,,,,,0.01,300.0,0.0813389348382707,0.2981652142284635,0.0517136929451011,bew,False,True,False,False,False,False,False
4.312172293286273,5.547747417483333,6.235000187697944,,0.18855922,0.08166898,0.29078943,0.11415168,0.17987747,0.14495322,,,,,,,,,,,,,,,,,,,,,,,0.0569300583324789,900.0,0.071453281487913,0.2181087646257177,0.7245474836929553,bew,False,False,True,False,False,False,False
0.9516842609858464,4.952099553309536,4.1359194588337465,0.024110865,0.025960911,0.005477519,0.06460117,0.0083933305,0.0238776,0.00744064,0.0010537725,0.031866156,0.018734323,0.0069852867,0.025438681,0.02222879,0.0054573854,0.0033593706,0.05017519,0.006922216,0.0071905917,0.0799489,0.00027960088,0.00077729474,0.44450736,0.0012262629,0.0027591097,0.1312277,,,,,0.0419229783419203,1760.0,0.0181418377346177,0.2247169445740586,0.4074473401929048,bew,False,True,True,False,False,False,False
3.676539766634208,5.398703423827477,3.5728421012761578,0.012282747,,,,,,,0.009752224,0.05323572,0.038209137,0.015058296,0.057187438,0.05957926,0.021836678,0.008510773,0.049042065,0.012405023,0.014399898,0.086346306,0.004121903,0.005577528,0.31707352,0.041430146,0.036407188,0.08389892,0.07364531,,,,0.029818070259037,740.0,0.1082562784817219,0.0359321178652689,0.064539216288073,bew,False,True,False,True,False,False,False
2.991593174584011,4.79714372456259,5.82317982338131,,0.1430766,0.039128423,0.30222243,0.08240578,0.13313374,0.091773845,,,,,,,,,,,,,,,,,,,0.20825918,,,,0.0150235743664923,740.0,0.0426671010002477,0.0713451993773168,0.1820962155908492,bew,False,False,True,True,False,False,False
1.2774733111746688,5.076229998577587,3.970094580980742,0.007877549,0.020566823,0.0034184572,0.0575218,0.009825414,0.02014317,0.010450524,0.0026509499,0.03704667,0.048153527,0.0033121952,0.031131739,0.022063898,0.0027558838,0.0021509374,0.026387658,0.002772351,0.0016250766,0.07537405,0.00039756484,0.00072783977,0.45808774,0.006036561,0.0084815575,0.1056291,0.035410915,,,,0.0466718834051705,1640.0,0.0437288848545106,0.0831148628674852,0.1692752091973847,bew,False,True,True,True,False,False,False
2.9627454988708584,3.1337824180172875,3.507674113922583,0.013035414,,,,,,,0.0077118487,0.049486183,0.034168366,0.00852899,0.06079658,0.09361319,0.0150664775,0.007069009,0.06582704,0.011373565,0.014926666,0.08166347,0.0037231562,0.011942899,0.25867224,0.005125184,0.013836555,0.11744883,,,0.12598437,,0.0207285495933092,900.0,0.1438484748890146,0.1121667521589433,0.3360615466172433,bew,False,True,False,False,True,False,False
2.2955902358441502,4.380470380572481,3.7207308597626407,,0.10969232,0.044199906,0.20997281,0.06883212,0.13617265,0.093757756,,,,,,,,,,,,,,,,,,,,,0.33737245,,0.0242867151865071,780.0,0.0513831710999763,0.1141925542405473,0.1104817072468592,bew,False,False,True,False,True,False,False
1.3646843725103692,4.060411944175144,3.1277373930359937,0.0127684055,0.023898164,0.0082601225,0.05140438,0.011592711,0.019406177,0.011880631,0.0010160829,0.04138132,0.046359845,0.004644292,0.010312012,0.0017892035,0.0046523646,0.0026240195,0.05943113,0.005775254,0.005291554,0.10242994,0.00077634986,0.0018730825,0.319614,0.0025113404,0.0025467617,0.1555545,,,0.09220635,,0.0423040132583346,1700.0,0.1238725787485926,0.2676461492334021,0.1784627824284826,bew,False,True,True,False,True,False,False
2.2858172123684257,11.41465053047144,5.46016919270566,0.018317645,,,,,,,0.0063752616,0.03878914,0.024503496,0.008629543,0.040021293,0.038000636,0.0134344995,0.00408787,0.07186243,0.01073574,0.012029821,0.15839174,0.0028661664,0.0049309046,0.36037737,0.005348171,0.009195499,0.12632301,,0.045779698,,,0.0530549457623524,1680.0,0.0243685620703151,0.290557773172624,0.8317921154862044,bew,False,True,False,False,False,True,False
3.2492626094865917,5.326571751572806,6.610385282283039,,0.13970727,0.04532959,0.33433264,0.11064662,0.16741197,0.07318734,,,,,,,,,,,,,,,,,,,,0.12938459,,,0.0554401076574084,640.0,0.0421078735357562,0.1052563434628114,0.2601544390497425,bew,False,False,True,False,False,True,False
1.009565565041992,5.130914335133111,4.257327611031724,0.01763379,0.02511971,0.0034531378,0.05754417,0.0078700995,0.017916268,0.0059101023,0.0008552259,0.027078565,0.030559098,0.0055279895,0.033678126,0.008731874,0.005992972,0.0026323674,0.058044426,0.0057475776,0.0060893535,0.049126804,0.00018976872,0.00062159833,0.5019062,0.0013805821,0.0015239029,0.114750385,,0.010115871,,,0.0578710839597696,1520.0,0.0260724367089161,0.0741849567226665,0.1965705660356764,bew,False,True,True,False,False,True,False
2.036042639028424,4.567870011527119,3.9452001253230815,0.015215051,,,,,,,0.005549787,0.03208003,0.023445193,0.0070791,0.018919092,0.04475351,0.006373846,0.0027132824,0.06774217,0.007731895,0.015726125,0.08852212,0.001328301,0.0061860443,0.42136765,0.005555867,0.004527916,0.07012923,,0.03192069,0.12313306,,0.041396776312224,1020.0,0.0922424284203198,0.2683775278794031,0.5998254515892613,bew,False,True,False,False,True,True,False
1.9103658652788356,4.349255733100137,4.109201922143894,,0.109380886,0.026231423,0.24260597,0.064339474,0.11384477,0.06406906,,,,,,,,,,,,,,,,,,,,0.08724547,0.2922829,,0.0552265137786786,520.0,0.0514519293703892,0.1426547154146969,0.2468253635139696,bew,False,False,True,False,True,True,False
1.356485784308576,4.054093481517069,3.2543391782192925,0.013965246,0.017445497,0.0044144588,0.04880483,0.00845817,0.01779588,0.010144172,0.0013984984,0.036404915,0.029904816,0.002921858,0.012378132,0.030783867,0.0033693765,0.002339574,0.04564324,0.0019094227,0.0037643448,0.088826075,0.00045132643,0.001180022,0.4373974,0.0013379491,0.0006057313,0.07349594,,0.013148284,0.091711,,0.0561650154906241,1600.0,0.0979614115952672,0.0937835929182285,0.1367946620329757,bew,False,True,True,False,True,True,False
1.4332565456979809,4.852816167214572,7.256737755915597,0.010803981,,,,,,,0.008344324,0.03995843,0.03378837,0.0077839494,0.04174503,0.047182925,0.0062307436,0.002065469,0.014029756,0.007983106,0.010387948,0.08992602,0.0011721684,0.0050998717,0.49855462,0.004125353,0.014708494,0.09733524,,,,0.058774184,0.0500785316969085,1860.0,0.1798809272395171,0.1286080100520375,0.1305617291746254,bew,False,True,False,False,False,False,True
3.2378503228207336,4.564688533385253,6.111385767409923,,0.10650754,0.039489012,0.22241616,0.10608599,0.12159479,0.08013421,,,,,,,,,,,,,,,,,,,,,,0.32377225,0.0502371952131735,880.0,0.0387153298603164,0.6940497047595867,0.7428303415372831,bew,False,False,True,False,False,False,True
0.952901213491127,3.578907415672947,4.258178616363445,0.02151434,0.0257977,0.0064361608,0.05280144,0.017520713,0.017357413,0.011267373,0.004246896,0.034482755,0.033420436,0.010166572,0.009777738,0.00381041,0.006335364,0.001938828,0.01782709,0.007538804,0.01182848,0.08168083,0.00017566743,0.005152451,0.4271593,0.0011975474,0.0015042186,0.09658423,,,,0.09247721,0.0443762699786444,1860.0,0.021650973558643,0.1191675733344013,0.1542027806174321,bew,False,True,True,False,False,False,True
1.6015501780781372,2.143888475830041,5.81544372175613,0.008210914,0.09413747,0.06565127,0.060840838,0.034080166,0.012419612,0.0052813655,0.005761942,0.003773813,0.0022282435,0.007834219,0.0062861377,0.00062921515,0.0034844622,0.0012713391,0.005055993,0.007484476,0.024778843,0.0067133727,0.0010832931,0.0028395806,0.14846228,0.004694666,0.0023602655,0.007400424,0.053200383,0.009401393,0.19550018,0.2191339,0.0534904753955639,1760.0,0.1079668770300594,0.0922804406825263,0.2837373949611726,mad,False,True,True,True,True,True,True
1.4308191745935963,5.418257231644724,14.80887235395424,0.040320743,0.18738855,0.121595584,0.16134213,0.04412315,0.04430613,0.02809999,0.0060739242,0.056779392,0.051753037,0.016037095,0.034287512,0.028692294,0.0072342297,0.013629976,0.15833627,,,,,,,,,,,,,,0.0541704699222276,1800.0,0.1907093646360747,0.1931829222852434,0.2712296279339222,mad,True,False,False,False,False,False,False
6.890177321202531,2.652892724101368,15.07386900613491,0.011739185,,,,,,,0.011641838,0.04192801,0.042682473,0.0119008925,0.03777306,0.06923039,0.02032489,0.0115670115,0.042786133,0.02393667,0.043357734,0.17666347,0.014636159,0.07769623,0.2628415,0.036735862,0.015931416,0.046627074,,,,,0.0149677242082356,160.0,0.0807030957606703,0.1650362489629866,0.2698186609891725,mad,False,True,False,False,False,False,False
3.7856753034804,6.803337845628789,12.67076923814294,,0.24728689,0.14159885,0.26863006,0.10622539,0.120527424,0.1157314,,,,,,,,,,,,,,,,,,,,,,,0.0763030411245815,840.0,0.0785440717713871,0.2537548047190535,0.355576233621971,mad,False,False,True,False,False,False,False
1.4143263338768526,5.543812529762553,15.105507394682087,0.02412049,0.10434482,0.0450596,0.07426755,0.016852936,0.022482952,0.005956034,0.0018650988,0.009111924,0.009215998,0.0067443056,0.0073578106,0.004548018,0.006199836,0.0023148402,0.027999312,0.015427226,0.035808355,0.087901935,0.00049253873,0.007961584,0.4720137,0.004105273,0.0022926223,0.0055552176,,,,,0.0611529697537545,1760.0,0.1073994441537334,0.3155185506805088,0.4243414403248933,mad,False,True,True,False,False,False,False
4.009121510545271,3.276569019726447,8.464112581436819,0.014110729,,,,,,,0.009197618,0.037266362,0.0527696,0.017226864,0.042014707,0.034871273,0.04396141,0.01119622,0.038101353,0.023445476,0.035220742,0.14037234,0.0072697983,0.016972309,0.28456652,0.045797996,0.03525988,0.011576764,0.09880204,,,,0.0397365104132692,740.0,0.0971495234497135,0.1144535688585941,0.2029068746724181,mad,False,True,False,True,False,False,False
2.782212885866077,5.6208736354889055,10.554134552621164,,0.21154554,0.13161531,0.22303906,0.0973131,0.06549259,0.053471692,,,,,,,,,,,,,,,,,,,0.2175227,,,,0.0254303111557713,460.0,0.0815645915655825,0.1216416453715482,0.1623534642292934,mad,False,False,True,True,False,False,False
1.873076175268348,5.032908593705203,12.434653969383223,0.0054767304,0.101378225,0.06191527,0.10250791,0.027443554,0.022039533,0.010996475,0.003553196,0.011169109,0.020432908,0.00387976,0.011974221,0.0053140977,0.0039728666,0.0021439693,0.04138704,0.011755228,0.020275403,0.10423009,0.0013120662,0.012629832,0.2849676,0.010848612,0.006834154,0.012744369,0.0988178,,,,0.0538332173457243,1280.0,0.125614513944279,0.1733936775667658,0.2391829165711376,mad,False,True,True,True,False,False,False
3.387240955291322,1.8624778324086328,5.812384950393147,0.016937103,,,,,,,0.0098671885,0.048032504,0.048284706,0.009876656,0.03841468,0.030666273,0.023010168,0.010074099,0.051270176,0.01928021,0.05371977,0.13719563,0.0069069294,0.03253101,0.24830563,0.019922236,0.011532296,0.02071536,,,0.16345738,,0.0180044846181647,480.0,0.0865646045655431,0.0733878848784085,0.3052410799890939,mad,False,True,False,False,True,False,False
2.256990121084138,4.664330354942079,8.713293935502664,,0.18528385,0.09633927,0.19684203,0.079121634,0.08639398,0.05208648,,,,,,,,,,,,,,,,,,,,,0.30393276,,0.0242904710986653,520.0,0.1126944613158013,0.0593931002748888,0.09224068822402,mad,False,False,True,False,True,False,False
1.646209550644527,4.3489979741419305,9.728107929531747,0.011945097,0.08377979,0.0800554,0.10822634,0.026763812,0.025946211,0.01549284,0.0047907103,0.016585182,0.004924856,0.0063852808,0.0033774537,0.004344423,0.0032235407,0.0029012922,0.036338896,0.014606437,0.02211823,0.08167931,0.0015794819,0.015998412,0.27519673,0.004320734,0.004071705,0.015549371,,,0.12979846,,0.0645175343529176,1640.0,0.072060308221752,0.3984437442988119,0.6382871848559306,mad,False,True,True,False,True,False,False
2.3335665638136502,5.311712771546819,14.159125493245426,0.007942503,,,,,,,0.002670791,0.020571414,0.026194036,0.004300655,0.024947988,0.023090925,0.0056989836,0.0019177292,0.027527973,0.0076584793,0.029564574,0.15115312,0.0020796303,0.0061927065,0.6066297,0.0045625838,0.004601828,0.0119136255,,0.03078081,,,0.0901719757924951,1880.0,0.2704847012739101,0.2465775811716915,0.1973243700479597,mad,False,True,False,False,False,True,False
3.4551465931409147,7.1547825975187775,12.929117915231089,,0.23273447,0.13141951,0.29152885,0.10601668,0.10669931,0.06611855,,,,,,,,,,,,,,,,,,,,0.06548263,,,0.0221757867197571,900.0,0.1368663930769672,0.1571536270156613,0.2091865886353563,mad,False,False,True,False,False,True,False
1.4955690300864926,5.402966369100876,15.050449046771304,0.016596396,0.10789547,0.03621012,0.07735487,0.017159054,0.014915312,0.007692712,0.0013799894,0.008388399,0.010837598,0.005498261,0.010642519,0.0056161517,0.0055780928,0.002170227,0.028364245,0.011000909,0.027637403,0.07315425,0.0009037562,0.011173154,0.4926568,0.0045790803,0.0014533505,0.013550359,,0.007591537,,,0.0386865614116401,1720.0,0.1955650631731889,0.1176279947965721,0.2445566079507289,mad,False,True,True,False,False,True,False
2.367294136272636,1.8326392886409988,6.93725819067587,0.010562022,,,,,,,0.0058603724,0.023458507,0.020474553,0.007300266,0.025360635,0.01716449,0.006717325,0.0035951894,0.05334292,0.008832055,0.035777986,0.06642817,0.0030452195,0.012315389,0.5230212,0.006705052,0.004408675,0.009742584,,0.031296264,0.12459105,,0.0608269502710595,1700.0,0.0814009975770857,0.0541913057028876,0.7555465197578153,mad,False,True,False,False,True,True,False
2.1325937388771763,4.787815016665997,8.203766012424888,,0.16540566,0.12305839,0.21249697,0.07280832,0.07570311,0.052646417,,,,,,,,,,,,,,,,,,,,0.04708815,0.25079298,,0.0596919231132961,1180.0,0.2229522999699273,0.1716893270308914,0.1641774050992879,mad,False,False,True,False,True,True,False
1.7356217401158056,4.246301911426711,9.846367897209628,0.011183201,0.12107215,0.0801263,0.10747435,0.02070408,0.01255399,0.005237922,0.0044793547,0.007216938,0.006523465,0.0061547067,0.011768302,0.0037716392,0.00298237,0.0019851173,0.02866649,0.009292625,0.023800787,0.052713018,0.0013100035,0.009598282,0.32492614,0.004034596,0.0024568704,0.0031814817,,0.009646838,0.12713897,,0.0411412653240321,1780.0,0.0954802224403261,0.1794971302905152,0.4514195520847313,mad,False,True,True,False,True,True,False
1.8468446218457533,3.859687354547341,9.936305899144212,0.0066028847,,,,,,,0.006544708,0.031635173,0.048015542,0.00835832,0.047715247,0.04592232,0.009939197,0.0026011523,0.022431148,0.016174166,0.03802702,0.1454986,0.002655878,0.009106496,0.4336555,0.008501927,0.010061532,0.027610924,,,,0.078942284,0.0772391502928307,1680.0,0.2595794147068939,0.0825272787699653,0.2629235562514494,mad,False,True,False,False,False,False,True
3.373774968667264,4.760725916620619,7.644951425825079,,0.17560849,0.07926667,0.18419409,0.09775482,0.0787608,0.05668847,,,,,,,,,,,,,,,,,,,,,,0.3277267,0.0149152353926771,420.0,0.1067343805849184,0.0925317909757309,0.3213111731526628,mad,False,False,True,False,False,False,True
1.4893632172023594,3.328501066340123,9.357432446408618,0.020809978,0.0945997,0.039069016,0.08439274,0.02998521,0.024818065,0.012584036,0.0039899484,0.0119550135,0.0041077356,0.008508923,0.0073056617,0.0026074848,0.01048285,0.0024900013,0.012355059,0.02437014,0.052744083,0.049750555,0.0008451406,0.0128669515,0.34990585,0.0028986314,0.0040013576,0.015224999,,,,0.11733087,0.0341941578868579,1940.0,0.1712930899664352,0.1799263320987109,0.1612085578050579,mad,False,True,True,False,False,False,True
1.812373048107646,2.405233626359253,1.9629915003809404,0.0033781826,0.01946686,0.0071166717,0.07309152,0.021281695,0.024520632,0.009391056,0.0045685023,0.10265291,0.046457138,0.0050125285,0.058449697,0.019262342,0.0032172613,0.0018177067,0.00712032,0.011453997,0.013564205,0.01472941,0.00080728595,0.0033704326,0.14097825,0.0032539102,0.007873942,0.029441217,0.03535231,0.011980927,0.15980524,0.16058388,0.0512954025384147,1580.0,0.0519801157183909,0.1222762731096802,0.053954707367811,btk,False,True,True,True,True,True,True
1.421625804843832,5.77692260078509,9.392532690778678,0.029239872,0.06590757,0.01861097,0.14785933,0.028856646,0.049879782,0.016832577,0.0047810217,0.09310235,0.15820466,0.0113581475,0.052725215,0.23917422,0.011854564,0.0075734025,0.06403966,,,,,,,,,,,,,,0.0506742099624462,1700.0,0.0463335541866241,0.5657002375605723,0.4494174160326616,btk,True,False,False,False,False,False,False
6.625018837666902,4.825688549815668,8.684515948785627,0.011152813,,,,,,,0.0083291065,0.060365282,0.09812346,0.011004837,0.06906007,0.09967723,0.015940707,0.007707239,0.04340432,0.025628662,0.06725071,0.12388673,0.008154327,0.0150136,0.25936157,0.019957969,0.01343696,0.042544432,,,,,0.0100171332493246,260.0,0.0581308954356559,0.0059534121913341,0.25331604244147,btk,False,True,False,False,False,False,False
4.6618884201342645,5.411500301008461,6.157000018435931,,0.16954361,0.08270716,0.29603833,0.12720557,0.21124654,0.11325874,,,,,,,,,,,,,,,,,,,,,,,0.0648739361244899,960.0,0.0700979961250927,0.2364174083092011,0.3485287110187214,btk,False,False,True,False,False,False,False
1.4925989190154434,6.033320671614217,6.39687333568382,0.027081335,0.023523018,0.010833491,0.07033528,0.010187362,0.018272314,0.0049960203,0.003327046,0.07444185,0.071456,0.004719944,0.053868193,0.07742607,0.0034602378,0.0017136745,0.014310211,0.008078988,0.01839901,0.060883474,0.00039001313,0.00020334721,0.40678063,0.0013105423,0.0009488196,0.033053197,,,,,0.0695661744606354,1700.0,0.0228621994081189,0.6036930210029375,0.5315127288982064,btk,False,True,True,False,False,False,False
4.334656862374307,2.4259540382502145,3.3503903620831084,0.019505274,,,,,,,0.012659326,0.077009186,0.07191407,0.020605793,0.060913354,0.07234508,0.0288319,0.008665377,0.023996506,0.019493798,0.027273517,0.07634584,0.006294258,0.0080899,0.2656856,0.039876617,0.036038518,0.04189931,0.08255686,,,,0.0284062816542022,540.0,0.062698002175328,0.0563227520528379,0.1983158337224198,btk,False,True,False,True,False,False,False
3.617062461438788,3.59910655377882,4.418877326675203,,0.12204839,0.06358923,0.25922936,0.08998678,0.18349028,0.04730483,,,,,,,,,,,,,,,,,,,0.23435113,,,,0.0102533143131523,820.0,0.1285583788136668,0.091022012843308,0.195957141571261,btk,False,False,True,True,False,False,False
1.7433351615161925,3.970896295426896,4.220693130069497,0.01254308,0.018670492,0.01072149,0.061529227,0.011658874,0.02174959,0.006502934,0.0030896296,0.07802142,0.121952675,0.0013409188,0.07537701,0.027556598,0.0029108059,0.0010468839,0.006177652,0.007991725,0.00725142,0.0845729,0.00082739413,0.0017403442,0.33849934,0.006848608,0.0059869154,0.047781043,0.03765101,,,,0.0596518845643887,1580.0,0.040275622306662,0.3729893290643615,0.5638754076476533,btk,False,True,True,True,False,False,False
3.102742825722519,2.428922701693192,5.477716036733589,0.024418443,,,,,,,0.010113033,0.094913974,0.08507705,0.009498824,0.060141414,0.07805686,0.013023993,0.0068758256,0.025450926,0.018851863,0.034345455,0.12164106,0.0043886625,0.0103968065,0.24101782,0.008853966,0.0050528697,0.024261601,,,0.12361959,,0.0403120097071504,1020.0,0.1125831400993427,0.06391802531418,0.1221177977926804,btk,False,True,False,False,True,False,False
2.597115727423715,2.487762744410301,2.91702357471662,,0.109388605,0.054230608,0.23502675,0.08072005,0.17393568,0.04971957,,,,,,,,,,,,,,,,,,,,,0.29697877,,0.0245241633574458,840.0,0.0640579613619878,0.1015230136454727,0.1398619717320076,btk,False,False,True,False,True,False,False
1.9265892455665448,3.029831734642602,4.402359914652985,0.021426598,0.0154231265,0.01560059,0.06458272,0.014698252,0.018418409,0.0086136395,0.0048968694,0.102581546,0.1398989,0.0056433775,0.0438179,0.029539376,0.0032306206,0.0017774778,0.011025153,0.012212311,0.018436411,0.063363746,0.00064132875,0.0021826462,0.2943002,0.003754075,0.0012456689,0.015703738,,,0.086985305,,0.0541663320221701,1980.0,0.0640344711654819,0.3866282898727139,0.8242990864962125,btk,False,True,True,False,True,False,False
3.03071084860549,11.46294290385394,6.10377802315538,0.017713735,,,,,,,0.0064708227,0.06019976,0.07198523,0.007298955,0.1127646,0.091220535,0.008786609,0.0046032197,0.03215977,0.014969101,0.042208627,0.068823054,0.003021618,0.005973001,0.35867652,0.0062614316,0.007205013,0.03971934,,0.03993904,,,0.0581229860214516,1620.0,0.1169247657133371,0.3198876483788019,0.2124691086889916,btk,False,True,False,False,False,True,False
3.529770787409872,7.402270111202654,6.772737307753905,,0.13278586,0.060627658,0.31924385,0.10252774,0.1937543,0.060091875,,,,,,,,,,,,,,,,,,,,0.13096872,,,0.0511828380542848,1520.0,0.0552753359226417,0.194870502114283,0.2468648189027723,btk,False,False,True,False,False,True,False
1.5123166152673626,6.117901577833145,5.920329606674008,0.018520985,0.018720761,0.0057121357,0.06656288,0.010985954,0.011880324,0.005713147,0.0020284846,0.06906897,0.10181679,0.004638987,0.043953314,0.025285456,0.003707235,0.0014110632,0.0060769157,0.0068637626,0.011744017,0.051200002,0.00012702083,0.0011171482,0.48660707,0.0013516166,0.0015842477,0.037441444,,0.005880269,,,0.0720798867059003,1920.0,0.0546008269815653,0.3287738520999986,0.7655118147828013,btk,False,True,True,False,False,True,False
2.6502312682894518,2.264624442994307,3.7671790428795178,0.031813283,,,,,,,0.00889751,0.091613576,0.036273696,0.009379249,0.08837551,0.040847547,0.007246471,0.0038861013,0.035067074,0.013144803,0.045443475,0.056749605,0.0025558046,0.00797007,0.32263485,0.007655344,0.007857458,0.022536203,,0.031348504,0.1287038,,0.0343347443147497,1280.0,0.0584027601199591,0.1047002376606047,0.2137860777995623,btk,False,True,False,False,True,True,False
2.3145598424967875,2.597482076243904,2.99982252010888,,0.08675288,0.042501338,0.2672813,0.06485428,0.12951143,0.05610169,,,,,,,,,,,,,,,,,,,,0.08433479,0.2686623,,0.0544215085968033,1380.0,0.0256907580885912,0.1663564960809751,0.1565489190627731,btk,False,False,True,False,True,True,False
1.980241783153685,2.795305223720834,3.618482315468418,0.016460117,0.019414935,0.007932241,0.051433466,0.010543857,0.015820539,0.0065983497,0.0045286375,0.09537274,0.104182854,0.005405399,0.04635088,0.039890237,0.0041933665,0.0015513401,0.0077818213,0.009588942,0.022497937,0.03915312,0.00057809206,0.000963887,0.3795545,0.0014219994,0.0038879514,0.007414773,,0.011517176,0.085960805,,0.0611838555375422,1300.0,0.0467393172269082,0.3604978512954018,0.4180498018370713,btk,False,True,True,False,True,True,False
1.97451584483598,6.951050014395944,4.071061621271541,0.011325982,,,,,,,0.0078118495,0.067410454,0.058675647,0.0072591444,0.06399837,0.081793204,0.004645135,0.0023088083,0.016802093,0.016725613,0.038363107,0.08960579,0.0015156652,0.006205895,0.3971266,0.009352505,0.007959911,0.0408137,,,,0.07030054,0.0964349842232243,1960.0,0.2116117644662322,0.4448990185043108,0.1002369108865508,btk,False,True,False,False,False,False,True
3.51552362079516,4.81708869088448,5.384993338967557,,0.11916016,0.053589858,0.22526446,0.11162492,0.15487197,0.040185936,,,,,,,,,,,,,,,,,,,,,,0.2953027,0.069636038516186,800.0,0.0391897825013873,0.3205172860805662,0.2718229456153865,btk,False,False,True,False,False,False,True
1.5349822672623954,4.315176022838747,4.31506479079408,0.019570109,0.028359205,0.008905949,0.07541565,0.01766361,0.011866167,0.0064957207,0.004206414,0.069593444,0.09297852,0.008061646,0.021109601,0.014437323,0.0063156276,0.0026982597,0.007318672,0.01723398,0.031975925,0.0973534,0.00042526578,0.00097180286,0.28600985,0.002671394,0.0017909261,0.06531657,,,,0.101254985,0.0626665788211402,1240.0,0.0409830067632127,0.3487859483247403,0.4047790244593752,btk,False,True,True,False,False,False,True
1.2127833450129095,7.112368526877131,6.410904782492911,0.011583972,0.009068305,0.0053133583,0.029635012,0.006556879,0.011175989,0.0076069003,0.010718601,0.032808423,0.034406003,0.011447966,0.020601349,0.0075281933,0.0038226035,0.003823027,0.06403178,0.00527645,0.008147038,0.018527778,0.0012599995,0.022411838,0.30805257,0.0054363413,0.013241802,0.036623903,0.022159347,0.001543469,0.13067491,0.1565162,0.0421551784623552,1580.0,0.0499682390070864,0.2369312650681579,0.2133303263183541,ind,False,True,True,True,True,True,True
0.856939147451411,7.478451231394871,12.89010616873822,0.051534407,0.08068856,0.030412054,0.13703027,0.0101324,0.039967366,0.017595332,0.006994101,0.11138703,0.09975521,0.026912946,0.080941394,0.023089657,0.01286294,0.021954857,0.24874143,,,,,,,,,,,,,,0.0611472879720802,2000.0,0.0192129120386324,0.2313673108121762,0.1337317689560724,ind,True,False,False,False,False,False,False
4.746361659950628,9.476421830522884,11.938879739962172,0.018099863,,,,,,,0.012751942,0.0584643,0.06285413,0.015988486,0.07870144,0.059516728,0.011065911,0.01873137,0.10240342,0.027128752,0.065417774,0.036329728,0.0067656664,0.042635065,0.2501966,0.02928555,0.037555054,0.06610829,,,,,0.0120832142461595,400.0,0.0741025801522017,0.1231102772807645,0.2304242804793075,ind,False,True,False,False,False,False,False
4.117314997338498,10.079068941833793,11.77168254779532,,0.15309468,0.11792244,0.29507923,0.115049705,0.19360949,0.12524447,,,,,,,,,,,,,,,,,,,,,,,0.0694313015083635,840.0,0.020245961497633,0.7116472984804713,0.8647088269011479,ind,False,False,True,False,False,False,False
0.966011445625018,7.79573825972181,10.627848006479445,0.04451851,0.02437093,0.0093896,0.04928044,0.0041863667,0.014439227,0.003958836,0.00246032,0.05455283,0.028698033,0.01208585,0.031315215,0.029858392,0.0030235052,0.0034519397,0.09951995,0.01213524,0.01720604,0.014731681,0.0006138887,0.009000433,0.50060713,0.0043700556,0.0054898513,0.020735774,,,,,0.0525241217577082,1860.0,0.0430203078286685,0.1720454279747838,0.2335366310979268,ind,False,True,True,False,False,False,False
3.511955284670994,6.757139034492672,7.908336731983527,0.013758972,,,,,,,0.017562596,0.062417388,0.06493555,0.01528082,0.061795533,0.05074007,0.023052484,0.015200156,0.05373574,0.034239493,0.040673833,0.028771836,0.004402581,0.017845754,0.33778244,0.0280334,0.03550903,0.033479065,0.06078328,,,,0.035595443282197,320.0,0.0343385379559727,0.175450359935804,0.2540708586356319,ind,False,True,False,True,False,False,False
3.2984077397733493,7.80368436564545,9.013636424600152,,0.10929082,0.106291816,0.25358313,0.07409787,0.13775459,0.0921102,,,,,,,,,,,,,,,,,,,0.22687156,,,,0.0287936266568762,540.0,0.1336607131329999,0.1793857023378964,0.1539488046694346,ind,False,False,True,True,False,False,False
1.3895461542993652,6.9926992568059445,8.96301935317589,0.011059339,0.017214742,0.0069587613,0.037112586,0.0055720755,0.010169048,0.008777775,0.003281103,0.053684838,0.061448146,0.0040114545,0.049983267,0.0296014,0.0038291793,0.0019138496,0.07223108,0.008342778,0.010165523,0.020500172,0.00043279567,0.010730204,0.50308454,0.0052911057,0.010512723,0.029578105,0.02451339,,,,0.0508184829476585,1800.0,0.042146881468464,0.1019334991582886,0.5249595703179113,ind,False,True,True,True,False,False,False
2.43491471896836,6.213855456937291,6.144574993163396,0.019534398,,,,,,,0.01496547,0.08103782,0.057378005,0.017698217,0.06279476,0.05543711,0.006509903,0.012822932,0.055456094,0.027792588,0.054836668,0.033370513,0.0067241364,0.015670594,0.23453376,0.04018303,0.03318395,0.05198132,,,0.118088804,,0.0372809593740246,340.0,0.0932804374480794,0.1669903664331949,0.2541647557938421,ind,False,True,False,False,True,False,False
2.209956758533445,6.79953730789578,6.531547264955708,,0.09613736,0.08676605,0.19871584,0.059774525,0.13139138,0.07656946,,,,,,,,,,,,,,,,,,,,,0.3506454,,0.0377112003964391,540.0,0.0571236406951095,0.2932156784745365,0.2971370679948516,ind,False,False,True,False,True,False,False
1.5719395136823535,6.185019249800314,7.093510647231389,0.020244073,0.017499119,0.009960664,0.03971929,0.004908308,0.01127116,0.005294874,0.0051141875,0.07857659,0.085121796,0.0098400535,0.025689239,0.0036751553,0.0034179513,0.0040664948,0.0889798,0.00911816,0.0128829535,0.027142659,0.0017626971,0.013126539,0.39714283,0.0060771857,0.009101771,0.022466723,,,0.08779974,,0.0571963579658479,1840.0,0.1027329232241313,0.1420621336741168,0.5043060219436774,ind,False,True,True,False,True,False,False
2.6534430347729447,6.20066183778313,10.645757226628614,0.021578422,,,,,,,0.009099821,0.057750307,0.048570454,0.012534934,0.07191262,0.046474632,0.007905019,0.0070668817,0.050213575,0.020776654,0.045832157,0.022586688,0.0043562464,0.006448255,0.484087,0.012612912,0.016002817,0.024455786,,0.029734883,,,0.0684435189896239,1500.0,0.1447023685684785,0.020432937409831,0.3227012183573847,ind,False,True,False,False,False,True,False
3.096608743622117,10.941131597537614,11.887277293857323,,0.1356971,0.09563981,0.2821233,0.09499433,0.17202811,0.09713896,,,,,,,,,,,,,,,,,,,,0.12237837,,,0.0779532785010822,600.0,0.0368955395582021,0.6194668964184274,0.857190436450211,ind,False,False,True,False,False,True,False
1.0056993927647446,7.874153215804277,10.624161132627291,0.029858325,0.027308881,0.009585507,0.045101095,0.004209441,0.014092183,0.004881931,0.0039002388,0.048377164,0.043322153,0.009485686,0.053678602,0.017561655,0.0028129662,0.003465132,0.09979938,0.006058271,0.0117365355,0.02086534,0.0001706147,0.009499051,0.50471133,0.0034309956,0.00407388,0.020031631,,0.0019820512,,,0.0563984161327396,1540.0,0.0314518058159009,0.1780366037719785,0.3291698186178875,ind,False,True,True,False,False,True,False
2.377374643258104,5.7693213622786885,6.432382430304382,0.025441384,,,,,,,0.012859717,0.06453592,0.04687946,0.014723605,0.05282414,0.045893796,0.0048407456,0.008592217,0.08741091,0.023954663,0.056316506,0.018213479,0.0067630857,0.017073933,0.33614796,0.02335688,0.024268202,0.011576621,,0.014650634,0.103676215,,0.0250743980016439,680.0,0.1302207108209105,0.0556905856473917,0.1179722263212895,ind,False,True,False,False,True,True,False
1.878499404806492,7.288658936029336,6.668508384884132,,0.087217376,0.05687056,0.22642247,0.05606965,0.12724677,0.06898659,,,,,,,,,,,,,,,,,,,,0.06235711,0.31482947,,0.0397037656865418,860.0,0.0606040745949108,0.1304210691156426,0.1749024199283816,ind,False,False,True,False,True,True,False
1.671136513502672,6.422242928006557,6.96257064201909,0.023967091,0.018429501,0.0050832825,0.032148477,0.004355301,0.010610457,0.004289472,0.0054502264,0.053706296,0.06344683,0.00471124,0.046416588,0.06610574,0.0021909582,0.0027048942,0.0590702,0.0093575325,0.021405179,0.0026422539,0.0019679186,0.0027426116,0.44538411,0.005222115,0.01136514,0.021279933,,0.0019321407,0.074014544,,0.0422622447753818,1560.0,0.0958495052586277,0.1492908840499248,0.5657443946018677,ind,False,True,True,False,True,True,False
1.044116942841864,11.627898354227364,8.317560890774953,0.010901459,,,,,,,0.017311612,0.06769176,0.047827374,0.016536754,0.0458126,0.07170616,0.007032427,0.0048226486,0.017673794,0.0079303775,0.021000538,0.027598072,0.0022795,0.02180166,0.47384924,0.0072998903,0.019911,0.038202073,,,,0.0728111,0.0754411637758005,1580.0,0.0518127341895967,0.1973302381220221,0.2475050058131141,ind,False,True,False,False,False,False,True
3.051352571122586,10.247083881266528,9.115150664214124,,0.09949847,0.08368893,0.19309293,0.060108293,0.13318819,0.063416995,,,,,,,,,,,,,,,,,,,,,,0.36700618,0.018565593630367,560.0,0.0159776094616117,0.1459699513588923,0.2718512472846701,ind,False,False,True,False,False,False,True
0.8653413491462352,9.920946830369346,8.183383676118346,0.02592727,0.024352133,0.011900211,0.04503619,0.003711061,0.010179932,0.0031259288,0.0145678595,0.057143044,0.04929315,0.023298744,0.016109044,0.0074352315,0.006209736,0.0024258674,0.056240164,0.005372058,0.018219048,0.02327237,0.0010855747,0.035996847,0.41698688,0.0064845793,0.0037491047,0.027508628,,,,0.10436933,0.0358785167108671,1920.0,0.033127783470128,0.0903114097735363,0.2579179469111682,ind,False,True,True,False,False,False,True
1.9056888355484876,2.279626291480664,3.605171467872174,0.007352994,0.019985331,0.0061851144,0.040553294,0.011411967,0.016896319,0.004182948,0.0071932697,0.049736436,0.030065697,0.0023060099,0.07989408,0.015758125,0.0036875405,0.0016706323,0.019087702,0.005051421,0.010854183,0.0064085587,0.0008382817,0.0015697728,0.24023542,0.0051076855,0.0034654979,0.051740963,0.051857788,0.010309796,0.1439192,0.15267396,0.0510428536617257,1300.0,0.0576990284647887,0.113674627073394,0.3477186847294075,sun,False,True,True,True,True,True,True
1.4645071749715146,2.725515652174664,9.692624604654103,0.04105725,0.16845125,0.01985521,0.132413,0.036734454,0.038002543,0.0133839,0.0053806454,0.11692877,0.16591237,0.009686351,0.03354109,0.15211703,0.008323801,0.01391607,0.044296253,,,,,,,,,,,,,,0.0534570598510406,1920.0,0.1019298895798424,0.2909718707543196,0.5111324576318248,sun,True,False,False,False,False,False,False
6.47798782274855,2.775499764869415,8.266870997901894,0.013772641,,,,,,,0.01179379,0.07214319,0.079780824,0.012049454,0.064476326,0.08359619,0.015627772,0.011248872,0.037172977,0.01825725,0.02199163,0.03607238,0.006641922,0.026757514,0.2600699,0.010667381,0.017463228,0.20041676,,,,,0.0124802343136291,260.0,0.1060326011005774,0.1642196757230449,0.4539826709028199,sun,False,True,False,False,False,False,False
4.427771659285191,6.896860054866399,6.455997536853834,,0.27188614,0.08027831,0.2666431,0.14062846,0.15431076,0.08625328,,,,,,,,,,,,,,,,,,,,,,,0.0514292518127644,640.0,0.0573111053488863,0.3080125598759105,0.3506936438800294,sun,False,False,True,False,False,False,False
1.5095132350614229,1.6092299996923725,4.664966084540849,0.03539484,0.062432528,0.010817322,0.04566501,0.00833064,0.015512523,0.0031324986,0.002771771,0.04081296,0.065828085,0.0051992093,0.02780656,0.1247379,0.0049306815,0.0030075975,0.0314013,0.008536644,0.005625058,0.0017426684,0.0005814622,0.00040348055,0.41105923,0.0023175615,0.0031561367,0.07879637,,,,,0.0560749616073972,1800.0,0.0682480990576546,0.3233652548167529,0.8290005565272942,sun,False,True,True,False,False,False,False
4.02633657632339,2.086212382488612,7.917298473356875,0.015316851,,,,,,,0.018808492,0.08373044,0.06883709,0.014792305,0.13024904,0.075531945,0.019551437,0.0065985657,0.025153797,0.013949022,0.0106054945,0.0162458,0.006583976,0.010129832,0.22293091,0.021211725,0.02278536,0.13708878,0.07989917,,,,0.0283067202857825,900.0,0.1126390074991422,0.0208027611100833,0.4650179183005046,sun,False,True,False,True,False,False,False
3.3065670858097365,4.492088269595879,4.523018233695514,,0.21447232,0.06699069,0.20691755,0.102611735,0.11944916,0.03718816,,,,,,,,,,,,,,,,,,,0.25237042,,,,0.0253927585880668,680.0,0.0677055120261525,0.2077345366397091,0.2823719182844623,sun,False,False,True,True,False,False,False
1.985867051370344,1.972204705654383,6.776705766650231,0.015027054,0.053260617,0.010698117,0.042898245,0.014882828,0.01743959,0.005321984,0.008975273,0.066883214,0.1193312,0.0031132775,0.064467095,0.040774878,0.003698657,0.0015415524,0.03087126,0.00534485,0.0021734578,0.008953604,0.0011591659,0.0021089355,0.26700097,0.009951428,0.008085666,0.13633563,0.05970148,,,,0.051057492624952,1460.0,0.0915309334690824,0.1908664598282278,0.7039890485486575,sun,False,True,True,True,False,False,False
3.4048139766922865,2.449948543530222,3.866277019022879,0.02465727,,,,,,,0.012895802,0.09517125,0.06396579,0.009648485,0.04578703,0.048469894,0.0155346785,0.0076199183,0.051778365,0.013219523,0.01538798,0.024062604,0.00414762,0.021922521,0.24594322,0.008178112,0.015349584,0.14622843,,,0.13003194,,0.0215131727934478,1000.0,0.0421947297677004,0.139596572474209,0.1706472895186584,sun,False,True,False,False,True,False,False
2.580475585583512,4.460010838056329,3.7558664950504537,,0.19777311,0.04144055,0.21928588,0.10005083,0.10694244,0.032593936,,,,,,,,,,,,,,,,,,,,,0.3019132,,0.028388787587647,860.0,0.0441667297377025,0.5046882492937531,0.6500882806910081,sun,False,False,True,False,True,False,False
1.950417932020764,2.326472419313766,4.165738279135454,0.027861973,0.046448495,0.014567889,0.05033215,0.014173783,0.022077288,0.0050379992,0.0039303564,0.06152945,0.107897416,0.004632001,0.016721997,0.0420193,0.00601293,0.004321368,0.04986328,0.0069872066,0.005675507,0.007545679,0.0012128435,0.002482722,0.28431422,0.002480839,0.0031857393,0.11148584,,,0.097201735,,0.0435974749503962,1820.0,0.065624489864819,0.1126222043354032,0.4624021340550449,sun,False,True,True,False,True,False,False
2.7524474078172254,3.33824172191553,7.737393644432129,0.019157248,,,,,,,0.00618766,0.054602556,0.03959207,0.0076987036,0.056525074,0.028046783,0.009549005,0.0037954818,0.040742468,0.010222266,0.00857422,0.015611592,0.0028840583,0.007550434,0.54593694,0.0049565337,0.007997856,0.10159538,,0.028773647,,,0.0532061202919269,1700.0,0.1682483923658798,0.1291629235475113,0.2174969993540493,sun,False,True,False,False,False,True,False
3.725543384462772,5.516798169266486,5.186840463301518,,0.20172358,0.0671959,0.28611335,0.14227727,0.12594938,0.068557166,,,,,,,,,,,,,,,,,,,,0.10818334,,,0.0658476220075076,1120.0,0.2364559789386433,0.446679109544808,0.2499756269296282,sun,False,False,True,False,False,True,False
1.5622152329128285,2.276988728955824,5.218578861647302,0.023170661,0.06060482,0.0073971385,0.04103168,0.010149652,0.0142953005,0.003804557,0.0021541556,0.03217476,0.07604899,0.0048970706,0.031734426,0.039801724,0.00451352,0.0035161886,0.0459486,0.008153565,0.004723323,0.0059600617,0.00043906638,0.0003525015,0.49811912,0.0014813297,0.003874591,0.06969185,,0.0059613846,,,0.0596228275557826,1600.0,0.0950895009887663,0.1494034105761796,0.7602818662071478,sun,False,True,True,False,False,True,False
2.7699787708033283,2.6465373282617985,3.496395557954311,0.025363216,,,,,,,0.006942718,0.06611441,0.04569388,0.0085345805,0.05662915,0.051487498,0.00828819,0.0065101697,0.049295038,0.011482162,0.01202376,0.009118969,0.0032846935,0.014671287,0.32564625,0.0054219635,0.009945691,0.15670808,,0.022399317,0.104438916,,0.0312587110231055,740.0,0.0331820947092124,0.1481663980386451,0.3545008063489858,sun,False,True,False,False,True,True,False
2.420347260154261,4.076961759226635,3.6723005414894674,,0.19795752,0.031375654,0.22639331,0.07605512,0.09625876,0.046573926,,,,,,,,,,,,,,,,,,,,0.059826575,0.26555914,,0.0345966468613763,1320.0,0.1122156504922549,0.1767071134801304,0.2302771638184046,sun,False,False,True,False,True,True,False
2.0431874531285485,2.426459609496579,3.301444883153581,0.02048111,0.046079747,0.007745025,0.036024433,0.007655862,0.015065199,0.00541443,0.00321615,0.046544574,0.077883184,0.0024191083,0.020316605,0.08896006,0.0042571137,0.0028722151,0.031636156,0.004682276,0.003734446,0.0019105433,0.0006784288,0.0017664556,0.40048522,0.0017647396,0.00214841,0.08893128,,0.007951845,0.06937544,,0.056363738946679,1860.0,0.0422483746097826,0.2651336039911321,0.913017658820165,sun,False,True,True,False,True,True,False
2.1815028951825832,3.9070053313887976,6.543732528406208,0.010425059,,,,,,,0.0076436466,0.05096522,0.060943544,0.009397514,0.050125103,0.044666637,0.0064493828,0.0030388273,0.011724654,0.008367214,0.013125298,0.011548052,0.0018899975,0.011263636,0.40581974,0.0069423243,0.0083769,0.22456221,,,,0.052725047,0.0895196047313058,1560.0,0.1533889946938543,0.0721204724703164,0.6030423888848475,sun,False,True,False,False,False,False,True
3.6386832302012935,2.7482414345062,4.320844082709498,,0.1877543,0.053681068,0.22381604,0.11406235,0.09639654,0.04317496,,,,,,,,,,,,,,,,,,,,,,0.28111476,0.0135173342413285,1060.0,0.1084040893828861,0.1864779176207298,0.2455668503065746,sun,False,False,True,False,False,False,True
1.6052217053588584,1.4595219824121917,4.936141010907383,0.034278862,0.061871797,0.010457328,0.07476057,0.016188035,0.016335953,0.0071890517,0.0045322413,0.053397845,0.10631213,0.010023393,0.018170854,0.0425197,0.007980335,0.0025895545,0.013670039,0.013855758,0.017362261,0.015750289,0.00067421846,0.0022326796,0.2672514,0.0033719973,0.0038342872,0.090332985,,,,0.10505644,0.0560917358733419,1740.0,0.113442170328334,0.1162665622711175,0.4094580734078725,sun,False,True,True,False,False,False,True
1.6064651381840656,5.697066927555912,5.364436023636537,0.008894155,0.017245641,0.0021268977,0.0040252646,0.015672162,0.029842969,0.0026684473,0.0044735107,0.044891424,0.009370049,0.005022316,0.03032271,0.023742951,0.0027342362,0.001030169,0.02246011,0.0069938065,0.008836265,0.0063797636,0.0006529591,0.001294075,0.41421628,0.0013951219,0.005024782,0.11682266,0.025173109,0.0050246688,0.10913533,0.07452814,0.0516142290660021,1200.0,0.0582560898773295,0.2501181005746017,0.4347712669526032,mak,False,True,True,True,True,True,True
1.40644456303742,11.203746591976586,15.80435628716754,0.0356125,0.05307783,0.011649552,0.0484327,0.024857514,0.16104512,0.0041482924,0.005230464,0.1508961,0.10862039,0.013328773,0.07346302,0.0701201,0.0072359527,0.0190686,0.21321312,,,,,,,,,,,,,,0.0479259470216065,1740.0,0.1465031685895663,0.2388525486083919,0.3294145035871743,mak,True,False,False,False,False,False,False
5.0624629953929245,11.334380111157,9.807904796865856,0.011079714,,,,,,,0.010794702,0.052217484,0.059280347,0.011387402,0.051603902,0.059380967,0.019919671,0.012975532,0.051796876,0.01923894,0.03255462,0.09082271,0.00856029,0.032262415,0.24321768,0.019202622,0.013651942,0.20005222,,,,,0.0132865183792736,240.0,0.075097869030427,0.0308140451686458,0.2627088225111534,mak,False,True,False,False,False,False,False
4.722376911619904,10.25807839541448,10.773407494058755,,0.17648983,0.046846338,0.1979337,0.13249868,0.3777774,0.06845407,,,,,,,,,,,,,,,,,,,,,,,0.0188483899895586,340.0,0.071135132789251,0.2421751216231318,0.2859922260316166,mak,False,False,True,False,False,False,False
1.3654207307933306,11.65227975786058,10.236833781255992,0.02480673,0.01657959,0.0026141286,0.0085403,0.008690687,0.036729716,0.0031486317,0.0017184956,0.025639033,0.020144796,0.005773411,0.04576709,0.02872942,0.006254802,0.0022087973,0.04658082,0.004339901,0.006609288,0.037672494,0.0002872443,0.002485379,0.5064281,0.0021156988,0.0046177567,0.15151772,,,,,0.0865626557897506,1600.0,0.1247024894539285,0.3482093036716609,0.925274069769182,mak,False,True,True,False,False,False,False
3.381976100699404,7.539040820523961,6.517840327296703,0.006502597,,,,,,,0.009497477,0.04585624,0.032295957,0.008945164,0.034250483,0.035846077,0.019601474,0.008414773,0.038189344,0.016638095,0.025187189,0.046761308,0.00464364,0.0069144694,0.42833242,0.021201095,0.024363376,0.1302396,0.05631914,,,,0.0276373923946737,400.0,0.0350001019493739,0.1419320486730871,1.0175207481038646,mak,False,True,False,True,False,False,False
3.608716409776517,8.09987906355492,8.782923220961731,,0.08778179,0.046284936,0.1282248,0.11564795,0.315754,0.039697718,,,,,,,,,,,,,,,,,,,0.26660877,,,,0.0113060349822275,760.0,0.1619837565164962,0.1885141495630458,0.1886524053636001,mak,False,False,True,True,False,False,False
1.685372731012103,10.033263619493097,8.778040939943375,0.012897579,0.016962053,0.007100206,0.010148147,0.013517259,0.050352078,0.0035857123,0.0035003163,0.04220084,0.036026057,0.0026569932,0.01883059,0.002677928,0.0057994323,0.003149306,0.044701308,0.006923975,0.010862154,0.063632935,0.0007940871,0.004027216,0.4617911,0.004694906,0.011907715,0.118479766,0.04278028,,,,0.0374574208874841,1580.0,0.1551542368446996,0.2529650914798403,0.7748107782187326,mak,False,True,True,True,False,False,False
2.831202764328137,6.05704583358976,5.93384665966087,0.015472989,,,,,,,0.0073070424,0.05777515,0.040163346,0.009333434,0.059159268,0.028008843,0.017244466,0.0065887272,0.03616218,0.010641991,0.02293903,0.059526276,0.0044086035,0.019752493,0.30444807,0.011686554,0.007629695,0.1835565,,,0.098195344,,0.0240158376492179,500.0,0.0965472233216578,0.1830902799651745,0.42288968146309,mak,False,True,False,False,True,False,False
2.5377777144288816,6.79629457769194,7.014134103846866,,0.071347356,0.031398475,0.08691703,0.09525211,0.31698614,0.029170016,,,,,,,,,,,,,,,,,,,,,0.36892885,,0.023479231408024,620.0,0.0595864317897506,0.206877936777515,0.2464668157355558,mak,False,False,True,False,True,False,False
1.6206150951674307,7.930379516746932,7.942245445982079,0.024970094,0.013398124,0.010787137,0.012601972,0.01223294,0.044539087,0.0019482548,0.004581838,0.058624774,0.039098687,0.008237174,0.009858768,0.005603503,0.0047720214,0.0031479378,0.03396694,0.0063156052,0.0060176207,0.04813996,0.0007086751,0.005551693,0.40363026,0.0032181789,0.005062943,0.15504795,,,0.077937864,,0.0670275047475696,1700.0,0.1083672000548772,0.7914674596553981,1.186902606959828,mak,False,True,True,False,True,False,False
2.674186133480762,11.54630441319314,9.76556981531854,0.017665992,,,,,,,0.0058048973,0.05543655,0.050326027,0.012496016,0.10905893,0.018285135,0.01652548,0.007127856,0.06590359,0.021573508,0.01899803,0.080147505,0.003773716,0.0027920587,0.32762238,0.0072935424,0.010916492,0.14078772,,0.027464544,,,0.0864149719211028,1680.0,0.2023448893393955,0.1145860840292144,1.270276234405858,mak,False,True,False,False,False,True,False
3.6011606818047985,9.998750648189494,12.45761947464751,,0.10686214,0.0484206,0.14181402,0.11646624,0.41660827,0.03999974,,,,,,,,,,,,,,,,,,,,0.129829,,,0.0352395644779093,920.0,0.1342307630457301,0.2803879946611667,0.6290405932720973,mak,False,False,True,False,False,True,False
1.4521255547159473,12.013029103330512,9.330609734159603,0.025647357,0.024261622,0.004667104,0.011893498,0.011619774,0.0356813,0.002715334,0.0020468445,0.033638135,0.02309325,0.0068797297,0.02819767,0.00967367,0.0075277425,0.0032373953,0.05091856,0.006747879,0.007773136,0.052395295,0.0004287748,0.003166973,0.47616664,0.0015290558,0.0038835562,0.16128561,,0.004924138,,,0.0474752537388795,1780.0,0.1147959273855061,0.3789966891087593,0.8410658328672754,mak,False,True,True,False,False,True,False
2.2051089949049123,5.991991041833694,5.509310900174066,0.018333541,,,,,,,0.0040662293,0.04696598,0.029238781,0.0076343454,0.03405252,0.031826343,0.009996275,0.005415275,0.040483076,0.010780263,0.01257381,0.036448143,0.0026389249,0.0069603906,0.38600302,0.008932771,0.00622115,0.19724937,,0.013015685,0.09116407,,0.0328388674963704,1060.0,0.057945015598799,0.3098483714560729,0.5639375377499302,mak,False,True,False,False,True,True,False
2.3433543741892366,5.805601349451667,6.223805518175682,,0.08708122,0.02552704,0.09703704,0.072098985,0.31831867,0.026869291,,,,,,,,,,,,,,,,,,,,0.07617362,0.29689416,,0.0569030129149997,740.0,0.2014153067689858,0.4105937774543623,0.3402531117098568,mak,False,False,True,False,True,True,False
1.6614006677721398,7.408766723998491,6.377292509812685,0.017727856,0.009116154,0.009663476,0.0102973115,0.011997697,0.032158066,0.0019712683,0.0034488228,0.036137655,0.030325988,0.0064916806,0.020993764,0.038209267,0.0058524064,0.0021650016,0.033306483,0.0032632477,0.007186358,0.03344093,0.0007683298,0.0041688406,0.44641972,0.0023169767,0.00383334,0.14045516,,0.0067885583,0.08149557,,0.0553552414438089,1620.0,0.0687616954339208,0.3002546208211904,0.4813505917553062,mak,False,True,True,False,True,True,False
1.7969940575988808,11.419437022566298,13.183753990824902,0.0122045325,,,,,,,0.007200723,0.03872639,0.046713658,0.009706106,0.076492615,0.035209756,0.0074503897,0.0037359395,0.025069129,0.010715609,0.028994972,0.051215835,0.0017698543,0.0049939584,0.41636238,0.005729612,0.0041512586,0.17307532,,,,0.04048197,0.0822464856733745,1980.0,0.2898296669573367,0.2263515462201724,1.5289814698856867,mak,False,True,False,False,False,False,True
3.557631001839403,7.842546023567674,6.545409791839061,,0.10555764,0.049442478,0.095360205,0.13952748,0.25515118,0.033605874,,,,,,,,,,,,,,,,,,,,,,0.3213551,0.0517664896652354,540.0,0.1021169166659964,1.086197176125302,1.0218804687579324,mak,False,False,True,False,False,False,True
1.418781450400972,8.904187251470562,8.878668068470173,0.024929324,0.030213278,0.0050740964,0.01193605,0.017821006,0.04400707,0.006045918,0.0035979443,0.041873395,0.03486955,0.008585232,0.027690524,0.004901192,0.009883839,0.0043204287,0.030440176,0.010936073,0.021805696,0.046352845,0.00058788067,0.005229712,0.3925425,0.0022367772,0.0028994135,0.15378876,,,,0.0574313,0.0368028315755717,1740.0,0.1479761912114187,0.3297361258152573,0.6693158261514105,mak,False,True,True,False,False,False,True
