cv_rmse,test_source_rmse,test_target_rmse,dataset_size_importance,genetic_importance,geographic_importance,syntactic_importance,inventory_importance,phonological_importance,featural_importance,avg_train_sentence_length_importance,avg_dev_sentence_length_importance,avg_test_sentence_length_importance,ttr_train_importance,ttr_dev_importance,ttr_test_importance,train_dev_ttr_distance_importance,train_test_ttr_distance_importance,dev_test_ttr_distance_importance,train_dev_jsd_importance,train_test_jsd_importance,dev_test_jsd_importance,train_dev_tf_idf_importance,train_test_tf_idf_importance,dev_test_tf_idf_importance,train_dev_st_similarity_importance,train_test_st_similarity_importance,dev_test_st_similarity_importance,trfm_spBLEU_mean_importance,small100_noft_spBLEU_mean_importance,small100_ft_spBLEU_mean_importance,m2m100_noft_spBLEU_mean_importance,eta,n_estimators,cv_rmse_se,test_source_rmse_se,test_target_rmse_se,lang,nlperf_only,dataset_features,lang_features,with_trfm,with_small100_ft,with_small100_noft,with_model_noft
2.2074583577115416,3.074240483836789,3.6912987816683303,0.02156077,0.07183097,0.004816639,0.06709299,0.019987896,0.01318827,0.0045333165,0.010103601,0.010587364,0.0067559644,0.013249871,0.008679409,0.0036085646,0.005623183,0.0058016004,0.025057668,0.0048008324,0.01079785,0.013892278,0.0040950435,0.008446449,0.18903963,0.01403493,0.0070757614,0.02609987,0.08558712,0.0096613215,0.19055775,0.14343302,0.0411112548798239,1960.0,0.0563613372521113,0.1629941807844513,0.2722827225514077,bew,False,True,True,True,True,True,True
2.147426575246807,5.047256605865624,7.64021031083074,0.061174493,0.17013076,0.016633665,0.1904073,0.0683482,0.06859319,0.052294426,0.011311797,0.05577947,0.05783208,0.03616364,0.03983324,0.031048972,0.02237082,0.047798496,0.070279434,,,,,,,,,,,,,,0.0321694851105612,900.0,0.0751079529323952,0.3089214586634965,0.3458020630528766,bew,True,False,False,False,False,False,False
6.781664860242396,6.223415409693533,6.376159412843504,0.021231601,,,,,,,0.0133190695,0.041219138,0.04375665,0.024739891,0.03108598,0.04773991,0.020947754,0.019104373,0.037893735,0.022334823,0.05651651,0.09242419,0.01451691,0.029401299,0.23627749,0.026098933,0.0420375,0.17935428,,,,,0.0167369394111021,140.0,0.0395263124322146,0.0891020354269175,0.1676710964598078,bew,False,True,False,False,False,False,False
4.279555699078708,5.231167604428032,6.407315933212429,,0.23651993,0.08202509,0.26986423,0.13370763,0.14257203,0.13531107,,,,,,,,,,,,,,,,,,,,,,,0.0349567155474479,620.0,0.0443240561978203,0.2777132983397847,0.6140645158486135,bew,False,False,True,False,False,False,False
2.1392303505701777,4.92228393815662,6.23347202932606,0.046892054,0.079432845,0.01055385,0.09637072,0.022307066,0.03461463,0.020165378,0.005755064,0.022252843,0.020746335,0.024087122,0.01824883,0.014835788,0.01783089,0.029899115,0.05622559,0.012081636,0.04048655,0.032069422,0.0033355027,0.009414738,0.30438837,0.007089013,0.010456743,0.060459875,,,,,0.0165648604772087,1400.0,0.093742055598672,0.125345797839064,0.2802755941648432,bew,False,True,True,False,False,False,False
3.818317290386299,4.93201710373288,4.371670399946461,0.026793852,,,,,,,0.020101774,0.03250836,0.024710208,0.02293479,0.028888995,0.050473254,0.029379984,0.018673168,0.040634558,0.024465313,0.03809918,0.06061126,0.01571562,0.016329689,0.31072772,0.028644204,0.028387556,0.07841615,0.103504404,,,,0.0376733029555522,1100.0,0.1409386771567444,0.0615330274932854,0.1225960605793807,bew,False,True,False,True,False,False,False
2.9537985572556726,4.270357893117263,5.650517663440392,,0.18687968,0.026540156,0.23750958,0.09273536,0.10134723,0.07932673,,,,,,,,,,,,,,,,,,,0.2756613,,,,0.0244113326318087,440.0,0.059997394480053,0.2979482565238721,0.262627988738658,bew,False,False,True,True,False,False,False
2.248574264661316,4.387231813440453,5.356351396240049,0.034214802,0.08644817,0.010059802,0.1011804,0.025276968,0.03270242,0.01767004,0.008654555,0.025256082,0.027092855,0.015003413,0.023738464,0.009247178,0.011087554,0.014446849,0.029426914,0.009026747,0.02283823,0.03644986,0.0046385652,0.007118034,0.23836093,0.012441224,0.011478908,0.05848231,0.12765872,,,,0.0371854038675348,920.0,0.0611992489466606,0.299350975901776,0.5418501232709653,bew,False,True,True,True,False,False,False
3.454258473101393,2.570783090233339,2.8934747764190925,0.019802269,,,,,,,0.018596912,0.029600348,0.02829031,0.020210396,0.022877866,0.020069623,0.015468983,0.017509283,0.04760879,0.015154043,0.057897814,0.0589285,0.011790657,0.021238843,0.2825462,0.024339423,0.023891702,0.096761,,,0.16741702,,0.0282341285824644,560.0,0.1481435569206132,0.0397799482590795,0.0652218600348622,bew,False,True,False,False,True,False,False
3.014778898111326,2.9699866444484626,3.7262433461316222,,0.17820324,0.03472198,0.21558161,0.07760764,0.10301174,0.08080664,,,,,,,,,,,,,,,,,,,,,0.31006712,,0.0147782686721158,1060.0,0.0651005566436968,0.0873044924635903,0.1358822541233725,bew,False,False,True,False,True,False,False
2.259097516724452,3.692733280410566,4.193595178549384,0.033199243,0.05630704,0.007979418,0.07353041,0.019351011,0.027152058,0.016789122,0.008714101,0.01972435,0.022721045,0.01678121,0.009130369,0.008433842,0.0072508864,0.010754648,0.041740753,0.006597058,0.021007996,0.028436026,0.0036657706,0.009607658,0.32275993,0.010947147,0.008521334,0.07920634,,,0.12969121,,0.0313915565896483,1120.0,0.0745405596237401,0.2105402954168961,0.6507534459284933,bew,False,True,True,False,True,False,False
3.246526837194969,12.663289760664426,4.916704509579477,0.028798824,,,,,,,0.019247238,0.046933793,0.052779235,0.02531664,0.056724958,0.041803963,0.020925052,0.018307116,0.048785992,0.02736628,0.052823342,0.059883066,0.017003095,0.021649461,0.23447117,0.029270072,0.024840202,0.101946935,,0.071123585,,,0.0971083073276119,1720.0,0.1101488073162925,0.2874168280366238,0.5452823693108955,bew,False,True,False,False,False,True,False
4.053278555780702,4.908635940810738,7.46039309146848,,0.21768638,0.06831993,0.24828073,0.1237432,0.1312251,0.09527184,,,,,,,,,,,,,,,,,,,,0.115472816,,,0.0560457757507089,1040.0,0.0751857971550263,0.2571008672879048,1.288918204659547,bew,False,False,True,False,False,True,False
2.192662674816167,4.955387269914977,5.74927198220208,0.04724253,0.08330769,0.010294453,0.08899696,0.019350857,0.032249458,0.01718541,0.00569675,0.019354355,0.027652722,0.020485023,0.011844856,0.01130199,0.01773714,0.021145375,0.048155386,0.010605982,0.035945065,0.030406639,0.0025457575,0.007281159,0.31698865,0.0071531786,0.008752512,0.07635558,,0.021964476,,,0.0293175165607994,1160.0,0.0772141712212049,0.123187029958023,0.1391324633893533,bew,False,True,True,False,False,True,False
2.819925663437675,3.668026403160968,3.1286571622292803,0.023275027,,,,,,,0.013918745,0.025879074,0.023819992,0.013854774,0.029851336,0.034633562,0.01629149,0.009179436,0.04322934,0.0123263,0.049466994,0.046886213,0.0072717667,0.016003596,0.3326865,0.014926231,0.015107071,0.08286056,,0.038624454,0.14990756,,0.0302178525525764,1080.0,0.0882028835377427,0.1581229327215863,0.1618138261480616,bew,False,True,False,False,True,True,False
2.8248501306581866,3.25081147538592,3.0690351426100304,,0.16686627,0.03262073,0.22290674,0.073152035,0.076783106,0.06999354,,,,,,,,,,,,,,,,,,,,0.072928,0.2847496,,0.0525681205693447,940.0,0.0619137290607998,0.1662118300203666,0.187623462574024,bew,False,False,True,False,True,True,False
2.2248929853916075,3.911595722909557,3.386998368944833,0.022218551,0.057533346,0.0065779528,0.078563645,0.014347704,0.028056469,0.0048546577,0.008405259,0.01654087,0.023906153,0.015742421,0.006156592,0.0025927578,0.006140236,0.008042945,0.039289054,0.003220064,0.031132897,0.0122465,0.0023859185,0.0077105127,0.4159945,0.009580532,0.0064469287,0.031565946,,0.015087662,0.12565991,,0.0496892046477829,1140.0,0.0718086378443072,0.1021538071124937,0.2192170775351782,bew,False,True,True,False,True,True,False
3.896532091277584,5.247285361226538,3.739528827144043,0.022520125,,,,,,,0.020130163,0.027002644,0.022598814,0.029988814,0.02447906,0.02625913,0.020489596,0.019582756,0.040698342,0.016606603,0.059938323,0.059334785,0.013623568,0.033678584,0.31787744,0.021212388,0.026878674,0.08762174,,,,0.10947847,0.0378835992765669,720.0,0.0365382492895421,0.1762064567426526,0.2504291464630384,bew,False,True,False,False,False,False,True
4.016791086966997,4.054549277291728,6.782313477434691,,0.19431505,0.03020825,0.2224538,0.10552865,0.090048,0.08280229,,,,,,,,,,,,,,,,,,,,,,0.27464396,0.0172062514837817,520.0,0.0762549900716001,0.2453005923743601,0.4231378890649528,bew,False,False,True,False,False,False,True
2.1497794813258198,3.927707207311996,5.28168575910441,0.044069506,0.075993076,0.008093595,0.082696594,0.02382275,0.018734846,0.009556962,0.00807195,0.014446301,0.012582752,0.024996346,0.008097488,0.005367049,0.01981119,0.020966642,0.03708553,0.008224782,0.040134475,0.031822935,0.0031979277,0.01936281,0.28758368,0.006958343,0.01030768,0.051099323,,,,0.12691543,0.0147563136238493,1680.0,0.0994898621674363,0.3350617611592915,0.2570094689673348,bew,False,True,True,False,False,False,True
1.5972346430045703,5.7875691706488,7.530292219299305,0.008118031,0.023814391,0.007396645,0.03931924,0.007190317,0.0060925707,0.0034567434,0.007700148,0.022118634,0.009028288,0.010140183,0.02190072,0.0076421783,0.005746145,0.0039254897,0.055394094,0.01211538,0.01042884,0.005932075,0.004503376,0.0075953775,0.34819132,0.012017646,0.00541054,0.009229975,0.07148538,0.007506496,0.17732093,0.08927882,0.0452441568952342,900.0,0.0269087418954262,0.1102403198330735,0.3222993903288161,ind,False,True,True,True,True,True,True
1.5485001608404396,8.02980560033189,13.08409301695915,0.06729084,0.090023026,0.04621172,0.14998996,0.013992029,0.031112442,0.031201446,0.014948418,0.04288027,0.06333915,0.03746114,0.04636973,0.06721476,0.02006696,0.023533348,0.25436476,,,,,,,,,,,,,,0.0248210739354767,1400.0,0.0472174110334555,0.0549764754925396,0.0970673954203935,ind,True,False,False,False,False,False,False
4.724737387224567,10.09366605760084,12.572686000445424,0.025895992,,,,,,,0.017126346,0.04059943,0.03943133,0.02670518,0.04275686,0.034525946,0.01808075,0.01929279,0.11968474,0.027315617,0.065992616,0.04074865,0.016641382,0.06525187,0.27545038,0.027073229,0.036656436,0.060770474,,,,,0.0100144326526092,400.0,0.0491526642545,0.0550448615273981,0.1079104709109028,ind,False,True,False,False,False,False,False
3.930034791808415,9.42463402280254,12.130817963707484,,0.19097473,0.11696392,0.2895363,0.12676854,0.1351212,0.14063525,,,,,,,,,,,,,,,,,,,,,,,0.049457278790472,600.0,0.0294378507474183,0.8593058244648158,0.7486932220692666,ind,False,False,True,False,False,False,False
1.59647458706417,8.00623769683599,11.458956194633624,0.042330418,0.034060802,0.016036568,0.066959575,0.0069728447,0.015037912,0.010175037,0.004507259,0.022416616,0.021766711,0.017537754,0.018261628,0.029321054,0.007723217,0.007506117,0.13555083,0.016125511,0.033590846,0.01735203,0.004006345,0.016562164,0.4323883,0.005712756,0.007838213,0.010259475,,,,,0.0495893082714774,1400.0,0.0436480666360873,0.3196148189460448,0.4404017227566592,ind,False,True,True,False,False,False,False
3.278516010851296,7.197867614470991,8.484473779281931,0.017958198,,,,,,,0.017837856,0.029919922,0.023587547,0.023217982,0.02921095,0.0153257605,0.023729462,0.01554971,0.084443614,0.033322494,0.059325404,0.033720706,0.013276903,0.028253194,0.33590776,0.033354294,0.035154127,0.040211957,0.10669215,,,,0.0361780351693942,440.0,0.0318085406816626,0.1810408678719934,0.3780491701180494,ind,False,True,False,True,False,False,False
3.006341095408376,8.490211733116341,10.017675390075002,,0.115402006,0.08673845,0.25282642,0.06925554,0.10711274,0.07741897,,,,,,,,,,,,,,,,,,,0.29124588,,,,0.0158176964593953,420.0,0.0727173414401037,0.158057453624861,0.1897698888338676,ind,False,False,True,True,False,False,False
1.790680074786851,7.510366200613637,9.840776876874989,0.025111562,0.029889798,0.013928075,0.072335124,0.009420237,0.017083852,0.012604098,0.0076451437,0.041811056,0.035901025,0.009854615,0.019525943,0.016608272,0.007976961,0.004672813,0.110180415,0.015693586,0.01580736,0.015493083,0.0043170834,0.02325878,0.3779897,0.010872474,0.008423696,0.016640365,0.07695486,,,,0.0589804377160984,880.0,0.0458183844147459,0.1563882811253723,0.4116376593103542,ind,False,True,True,True,False,False,False
2.3613721952295514,6.538181086711279,7.532015484601291,0.025870541,,,,,,,0.01061906,0.037094902,0.024299327,0.019829473,0.022856303,0.011341033,0.014185478,0.012519918,0.10594259,0.023893101,0.05803857,0.0411203,0.01329199,0.03969641,0.29475164,0.027471533,0.023075262,0.043542005,,,0.15056054,,0.0228824409392117,420.0,0.0435940282530793,0.0379598730533015,0.1563081993557061,ind,False,True,False,False,True,False,False
1.978531454631201,6.655037668492275,7.734542301963046,,0.099572584,0.08664964,0.22825968,0.06446803,0.08862618,0.05650404,,,,,,,,,,,,,,,,,,,,,0.37591982,,0.0216227806682313,620.0,0.022946192090083,0.1723650922476839,0.0563231718483343,ind,False,False,True,False,True,False,False
1.7280957327742628,6.247280735511486,8.030767040953902,0.022984516,0.02540042,0.014888984,0.059183262,0.0057300585,0.011991668,0.006178944,0.0054807193,0.0363025,0.045176137,0.013324035,0.013208759,0.016834008,0.006766826,0.0038139583,0.12118258,0.013985242,0.02525812,0.012348833,0.0051015005,0.022551242,0.37006155,0.009231372,0.0076518236,0.015060969,,,0.11030195,,0.036858040871165,1480.0,0.0250198927885117,0.3700258550390851,0.7164423626417036,ind,False,True,True,False,True,False,False
3.0338422951547868,7.073229289642283,11.802279147898153,0.02883931,,,,,,,0.01685014,0.043362174,0.04051187,0.022390697,0.036280483,0.040452518,0.018308952,0.017985765,0.10693983,0.027293026,0.054134548,0.02846488,0.017845856,0.029350609,0.35602158,0.020528687,0.023560172,0.028045231,,0.042833675,,,0.0728545119775968,1740.0,0.1089366570167616,0.0329627133339678,0.3525215888153779,ind,False,True,False,False,False,True,False
3.2184343855923343,10.225945728378106,12.335436832081951,,0.14227882,0.11956079,0.22482495,0.12336402,0.1295147,0.11662022,,,,,,,,,,,,,,,,,,,,0.14383647,,,0.094514248562675,1080.0,0.0674505005685308,0.8762685464412833,0.7608962209283806,ind,False,False,True,False,False,True,False
1.5777182490728652,8.08101358246366,11.53964222233672,0.0456543,0.04146906,0.016141782,0.06915063,0.0065995483,0.014018616,0.009320006,0.004822446,0.028771883,0.02759495,0.013231209,0.02048675,0.027147125,0.009551404,0.005336567,0.15696521,0.010577967,0.030795798,0.011025414,0.002440753,0.011936016,0.39898497,0.0065043285,0.0072015696,0.014829503,,0.009442187,,,0.0363560963621179,1640.0,0.0524128874783469,0.2603647933238989,0.4981240156183663,ind,False,True,True,False,False,True,False
2.2742819516333554,5.917608066996323,7.649571414284333,0.031418078,,,,,,,0.01100676,0.024978954,0.020914458,0.018300861,0.023198389,0.015555123,0.011173743,0.011359598,0.12620176,0.019867752,0.07472809,0.027404329,0.013542551,0.04068822,0.30216202,0.019904759,0.01832127,0.024787938,,0.019470042,0.14501527,,0.0114658419323781,760.0,0.0296447429082931,0.0410067742583707,0.0437892225452032,ind,False,True,False,False,True,True,False
1.8703143592309408,5.987474310069776,7.47990251144963,,0.09917647,0.07535733,0.25389224,0.047043644,0.079209,0.05385836,,,,,,,,,,,,,,,,,,,,0.06088019,0.3305828,,0.0219537608283843,880.0,0.0387939071192596,0.1027114266233285,0.0599463744183294,ind,False,False,True,False,True,True,False
1.7728213253839715,6.137069728474152,7.964393838633084,0.021540958,0.026541317,0.016724147,0.052900493,0.004888977,0.007273468,0.0055693733,0.004973042,0.018152978,0.023545016,0.007761563,0.013218364,0.011608867,0.006853295,0.0030479871,0.123240195,0.009669115,0.023757847,0.008142671,0.0037902552,0.015155879,0.46146894,0.0057280613,0.006323996,0.01391715,,0.0062154504,0.09799059,,0.0438148873117407,1360.0,0.035633107153845,0.1517631620895972,0.6520573594648505,ind,False,True,True,False,True,True,False
1.762686181568025,6.023593026131519,9.981428077632485,0.020233424,,,,,,,0.01129537,0.035934456,0.016358998,0.017844701,0.05642108,0.020679697,0.012981931,0.007694295,0.09244187,0.01189048,0.033725105,0.02408288,0.0062697,0.01925472,0.5027805,0.012552944,0.014509921,0.018849216,,,,0.064198695,0.0751542616970377,1600.0,0.0709648096931803,0.0839720231544532,0.3698522941330117,ind,False,True,False,False,False,False,True
3.1865482852265434,9.621113644500436,12.144935996537846,,0.13889389,0.10438304,0.21374893,0.08334671,0.12913609,0.082649484,,,,,,,,,,,,,,,,,,,,,,0.24784184,0.0397859488171515,980.0,0.0536822020792364,0.3922505646167781,0.3503755388514223,ind,False,False,True,False,False,False,True
1.5351738923377798,6.4926490423544605,10.057056850752836,0.03381233,0.035657443,0.021677908,0.053330444,0.00400412,0.009792164,0.006657983,0.0059083593,0.03308071,0.028349826,0.019197803,0.030043054,0.019367773,0.010734153,0.0050090863,0.107756816,0.012617406,0.025444388,0.012566367,0.0024227148,0.03167775,0.37362498,0.01051097,0.008033952,0.017830933,,,,0.080890566,0.0235359648949366,1520.0,0.0421108705037849,0.1181231163259566,0.2560270474473984,ind,False,True,True,False,False,False,True
2.2758620757539907,3.8136323228955233,3.2211263093165514,0.008148307,0.031250723,0.006048204,0.060472526,0.012562394,0.0090191895,0.0062482394,0.008548783,0.017441493,0.020091282,0.008876471,0.009425957,0.019719083,0.0049090697,0.0064757904,0.03643665,0.008818926,0.019327125,0.012946779,0.0046907263,0.0089989025,0.20977545,0.010394066,0.007571657,0.009938304,0.08124989,0.016243648,0.20963421,0.13473615,0.0373299027188696,1140.0,0.0411921660564995,0.1562038944201073,0.15130473809144,btk,False,True,True,True,True,True,True
2.2844777537262866,6.421129240149479,8.572498498464196,0.03874492,0.13444161,0.011108857,0.16871959,0.04597905,0.049023926,0.035661403,0.014396077,0.045278993,0.13098887,0.029583748,0.021160167,0.15252939,0.027683113,0.029160118,0.065540195,,,,,,,,,,,,,,0.0182030292885366,1000.0,0.1234404588426013,0.3357374378190984,0.4187994261177284,btk,True,False,False,False,False,False,False
6.9621988379246345,5.811084314051369,8.526669461740523,0.0141838165,,,,,,,0.0133272875,0.037294712,0.08722216,0.017464375,0.043648444,0.12782183,0.02386528,0.018576179,0.052581616,0.038006663,0.06263865,0.07304962,0.017346326,0.026409805,0.24382389,0.021851663,0.022713166,0.05817454,,,,,0.0156158498563989,160.0,0.0920883445387395,0.067128450917024,0.3171894430683924,btk,False,True,False,False,False,False,False
4.877317630776611,6.554718654542958,6.392485269503313,,0.22338995,0.07734489,0.27733815,0.13878018,0.15660137,0.1265455,,,,,,,,,,,,,,,,,,,,,,,0.0438120490026375,900.0,0.0358613159783896,0.9112061813664796,1.2094887489103894,btk,False,False,True,False,False,False,False
2.2426431179724142,6.868682376480045,6.025500415176874,0.028098952,0.06789507,0.0058081215,0.09099168,0.015827078,0.016765108,0.011960814,0.0063334247,0.030499136,0.056464363,0.018310253,0.020376284,0.075721286,0.015841354,0.017041609,0.019128162,0.016010288,0.04645089,0.025870848,0.003062815,0.006893585,0.36296365,0.0063555306,0.0066701793,0.028659526,,,,,0.0389963212046344,860.0,0.1301000553678427,0.7135846420975414,0.3642663314522831,btk,False,True,True,False,False,False,False
4.2019148648776135,3.241035991948256,3.881231761285778,0.0379172,,,,,,,0.017084323,0.03377315,0.10286107,0.022540467,0.036100104,0.0900591,0.031522743,0.016642394,0.029003393,0.03236809,0.04501515,0.063370086,0.012956334,0.012941094,0.22015207,0.030658405,0.021387752,0.03402906,0.10961805,,,,0.0359939721937768,660.0,0.0764556338818026,0.0517594354013,0.1173331528856791,btk,False,True,False,True,False,False,False
3.931248212653424,4.613243600447195,4.455066670508033,,0.14074332,0.04196071,0.23297763,0.10810647,0.11853261,0.07910523,,,,,,,,,,,,,,,,,,,0.2785741,,,,0.0281009437384781,300.0,0.0428063158929282,0.2263265623518832,0.2257738603292929,btk,False,False,True,True,False,False,False
2.4651875903619818,4.813269026527516,4.287465923176855,0.016248487,0.06610567,0.007637626,0.0793406,0.019403264,0.023681026,0.008458814,0.0074433982,0.031107705,0.07351668,0.010373004,0.03277271,0.040243868,0.011382931,0.007673052,0.019341987,0.013663369,0.024158116,0.04277891,0.004214494,0.009203037,0.30225804,0.013384094,0.008124339,0.013156292,0.11432852,,,,0.0383561723932292,1060.0,0.1451858482563403,0.1753790663153603,0.174783502502176,btk,False,True,True,True,False,False,False
3.398717699614162,3.2512540414350437,4.043523220239617,0.017596383,,,,,,,0.014850827,0.040708728,0.092436045,0.014506278,0.035446845,0.07206253,0.013157763,0.0136337,0.036270548,0.019289957,0.059651226,0.07059904,0.011711638,0.012202298,0.2547924,0.025145158,0.015243843,0.028627861,,,0.15206699,,0.0153553870170418,920.0,0.1562168595409172,0.0530065288815688,0.0654301635853989,btk,False,True,False,False,True,False,False
3.084572277342523,2.942512576963829,2.790136538231432,,0.12949471,0.032302734,0.23264015,0.087553,0.10451549,0.07364835,,,,,,,,,,,,,,,,,,,,,0.3398455,,0.0188126230992146,1280.0,0.0484913163879243,0.1684773353523764,0.1522441536343231,btk,False,False,True,False,True,False,False
2.482276774880641,4.368972648910261,4.374682591791597,0.016075065,0.047670566,0.0071685836,0.065216124,0.013774539,0.018168386,0.0074406043,0.007375516,0.03062444,0.062118143,0.013420987,0.019567505,0.035782736,0.008726293,0.0062395157,0.019117689,0.011463207,0.026881631,0.055132717,0.004046809,0.0081593385,0.33904272,0.011167508,0.009007591,0.014305184,,,0.14230658,,0.0397763691432674,1400.0,0.0998408497107623,0.1227855689891666,0.1570938921461032,btk,False,True,True,False,True,False,False
3.863086490301645,11.213341501320604,6.332623309975401,0.022785762,,,,,,,0.021221742,0.04344068,0.098224625,0.022274857,0.06320883,0.08385968,0.02338426,0.021577207,0.035933472,0.029649865,0.060469948,0.045604486,0.019843144,0.022935944,0.22652623,0.03159228,0.024898624,0.041567564,,0.061000727,,,0.0954523492612303,1960.0,0.0908365146182299,0.5800704063472317,0.2962367570286115,btk,False,True,False,False,False,True,False
4.057913835883764,7.74134747224461,5.978726989727952,,0.17204876,0.08408345,0.23231773,0.13121216,0.1343482,0.08587082,,,,,,,,,,,,,,,,,,,,0.16011888,,,0.0925621956610855,1220.0,0.0826181141230052,0.4483311516321374,0.8074886903149201,btk,False,False,True,False,False,True,False
2.1234677918110045,6.865847189904985,5.343135906514985,0.032507565,0.06068026,0.005811848,0.08524563,0.013969297,0.017408345,0.007560551,0.004532206,0.026419949,0.05040579,0.0138958525,0.018969197,0.041624557,0.010690866,0.011479179,0.02385426,0.01249443,0.038664624,0.019030716,0.0022507303,0.008006334,0.44038695,0.0059889057,0.006777262,0.016406368,,0.024938311,,,0.0359664073618362,1280.0,0.0777888760329069,0.3730487160182688,0.2993471469808847,btk,False,True,True,False,False,True,False
3.016447268360657,3.330010750366795,3.3167305985464224,0.022123443,,,,,,,0.011974974,0.03884516,0.073720746,0.012405358,0.035321843,0.05677092,0.009595314,0.0116003435,0.034013867,0.016112972,0.05614084,0.044184215,0.0074790143,0.016086033,0.3105168,0.018972775,0.013354296,0.023247939,,0.038236376,0.14929673,,0.0229700263322785,1120.0,0.1214931762641745,0.1591108378576856,0.060890389879623,btk,False,True,False,False,True,True,False
2.6932550211437003,3.9010906608346176,2.805518436512811,,0.110907115,0.041198876,0.2512506,0.07137406,0.07382141,0.051293872,,,,,,,,,,,,,,,,,,,,0.090460345,0.30969366,,0.0480614731834764,1260.0,0.0293603662116168,0.0929482080334484,0.1700282536814775,btk,False,False,True,False,True,True,False
2.3038065963071874,4.5234997778774,3.875764574214816,0.0110387,0.0327766,0.0044687623,0.063675046,0.0076971077,0.0068944925,0.005410549,0.006620346,0.019938577,0.052573644,0.009467095,0.016231425,0.050646693,0.0044643246,0.0049333065,0.019761026,0.005216634,0.021841042,0.018383214,0.0023337894,0.0036582127,0.48582107,0.009505855,0.004066522,0.0069102244,,0.013248345,0.1124174,,0.0536191315581997,1320.0,0.0808843468942609,0.1811366079256823,0.2114629298055982,btk,False,True,True,False,True,True,False
2.4794448919029457,5.427164376956352,3.9391279968836246,0.015970776,,,,,,,0.011855261,0.028801676,0.066805586,0.013912052,0.03455234,0.06512716,0.010081304,0.013351843,0.049400367,0.011854788,0.049003165,0.043998633,0.0076663108,0.011463116,0.42136422,0.016979462,0.017869754,0.019262936,,,,0.09067929,0.0588443493867896,1560.0,0.1032239173921459,0.0529888008259099,0.2282341848829492,btk,False,True,False,False,False,False,True
4.020800068409588,7.8566576520578675,7.222696192162954,,0.1404958,0.062468093,0.20973906,0.10368903,0.11138471,0.074597575,,,,,,,,,,,,,,,,,,,,,,0.29762572,0.0494015368854462,1120.0,0.063484589046406,0.5620183309073458,0.5347775500472735,btk,False,False,True,False,False,False,True
2.215221166871741,5.685068124650768,4.9939192714847485,0.022705832,0.053410478,0.0046435376,0.106994055,0.019154664,0.018666793,0.0060619535,0.006926302,0.023928368,0.06750822,0.01651271,0.01130009,0.045224767,0.013753472,0.018654162,0.04003466,0.021844607,0.060332768,0.04069965,0.002750259,0.025804117,0.21575591,0.010012562,0.013498838,0.0119350795,,,,0.12188615,0.0281664218414923,920.0,0.0950613978291503,0.1558443637246024,0.7318245951624927,btk,False,True,True,False,False,False,True
2.111686431671555,3.1510786154975867,3.2287811482228923,0.0076638632,0.09327832,0.012375915,0.04532811,0.008798024,0.012232856,0.0047486415,0.006354577,0.010309807,0.019876912,0.008515157,0.018847704,0.040728413,0.005602985,0.0039446643,0.026558641,0.0049105794,0.013165313,0.00689682,0.0028749458,0.010721162,0.16015181,0.008307522,0.0063999966,0.011474661,0.0825563,0.015517486,0.22272933,0.12912942,0.0462309390187698,1600.0,0.0932224980593393,0.0745347340984388,0.2682308680493375,mad,False,True,True,True,True,True,True
2.152106817813745,5.327333870210477,11.593752478949732,0.042207308,0.25107306,0.057445116,0.1374674,0.04928239,0.038976632,0.04316944,0.011567625,0.04122474,0.0791301,0.03226358,0.022366975,0.08187258,0.019920759,0.025380109,0.06665222,,,,,,,,,,,,,,0.0312698168584264,1140.0,0.0569659143107504,0.1275769722260549,0.2003046953874487,mad,True,False,False,False,False,False,False
7.243682000854474,4.5748796519892885,11.934525464221997,0.017878037,,,,,,,0.015996974,0.03986585,0.057137497,0.018836316,0.031594645,0.060699426,0.02934413,0.020022433,0.032550063,0.029474149,0.051589847,0.13043633,0.01548103,0.08256572,0.2550039,0.04336159,0.026216596,0.041945502,,,,,0.0147376293618373,140.0,0.045690531766814,0.030056727789787,0.2275725488245149,mad,False,True,False,False,False,False,False
4.418318819430392,7.010608198704598,9.70066573662254,,0.26033908,0.12196306,0.23313192,0.13196807,0.13000672,0.12259115,,,,,,,,,,,,,,,,,,,,,,,0.0539564148450822,1140.0,0.0762680601035172,0.6776493792976958,0.7515307173819903,mad,False,False,True,False,False,False,False
2.1948944212058463,5.414996833571049,12.146023132886503,0.03364577,0.16399157,0.028738135,0.06923515,0.020117419,0.01802079,0.01236553,0.0053591942,0.014842464,0.049965195,0.016560037,0.012024198,0.07998527,0.013961321,0.00770676,0.02725687,0.017794201,0.04701254,0.02615721,0.003946665,0.022028644,0.28370315,0.010482328,0.006741272,0.008358326,,,,,0.0352333868905189,900.0,0.0564597129627288,0.2007072490825153,0.4501845333491377,mad,False,True,True,False,False,False,False
3.970235850386248,4.0201527136730775,6.657177615391987,0.039930813,,,,,,,0.016736345,0.032772005,0.05565251,0.023681771,0.025094738,0.034852967,0.03678837,0.016664777,0.029200446,0.024112154,0.039754745,0.09158988,0.015471138,0.026322078,0.30485088,0.032391325,0.024201045,0.017414097,0.11251797,,,,0.028266509518013,1260.0,0.1051060804240488,0.0724730187210458,0.1323049107156664,mad,False,True,False,True,False,False,False
3.5425134513016467,4.824519845713587,7.127081948148813,,0.27272516,0.08648549,0.16305545,0.07685151,0.07121824,0.056819648,,,,,,,,,,,,,,,,,,,0.27284446,,,,0.0243920307736692,460.0,0.0422849738873325,0.1275813450569536,0.2304503979488182,mad,False,False,True,True,False,False,False
2.2253753165468795,4.342042241774892,8.81606808778616,0.017289406,0.1515497,0.031100824,0.06537616,0.02352804,0.02093066,0.011899402,0.0063135936,0.01783194,0.077428594,0.0074202395,0.00849768,0.062336773,0.008916745,0.005936554,0.017206764,0.009203864,0.017331446,0.053774428,0.0047563696,0.019048309,0.20654972,0.0102470545,0.005426359,0.010058527,0.13004084,,,,0.0386831779179801,1420.0,0.0619246434982614,0.0780709839282297,0.0785300495649026,mad,False,True,True,True,False,False,False
3.410298058312517,3.5254526184350707,2.942782295102984,0.022250906,,,,,,,0.013904843,0.03395488,0.063796856,0.0144753875,0.020661047,0.031557955,0.02002947,0.013377024,0.03533503,0.018454295,0.052505713,0.09710393,0.011978174,0.042062856,0.28499764,0.021329697,0.015844828,0.01952957,,,0.1668499,,0.0193301802854743,680.0,0.1143863162151605,0.0141453859916453,0.2341876655789437,mad,False,True,False,False,True,False,False
2.785459941220576,4.604332324556961,4.886137845175284,,0.2475367,0.08243063,0.15944302,0.06035745,0.06838211,0.053340476,,,,,,,,,,,,,,,,,,,,,0.32850963,,0.0138331820346435,1000.0,0.0328404953745793,0.0595579965559124,0.1091954992493598,mad,False,False,True,False,True,False,False
2.414878908785103,3.848561337208501,6.19698377999789,0.020082371,0.12207417,0.030880455,0.059163533,0.020049533,0.021834146,0.015474697,0.0063507827,0.01550734,0.06826996,0.00927691,0.0069280723,0.0657894,0.007409924,0.006557797,0.025464451,0.01236927,0.027009588,0.041479573,0.004598462,0.024224993,0.22951892,0.010077165,0.0060368716,0.008299035,,,0.13527259,,0.0417724483851065,1140.0,0.0636226756526347,0.0851974641377401,0.3428063269053873,mad,False,True,True,False,True,False,False
3.288446231224641,5.141624336540685,11.663487898020025,0.018695971,,,,,,,0.013699521,0.03294897,0.04758714,0.01704537,0.03237749,0.04742436,0.016508305,0.012399869,0.034925595,0.023969347,0.042998422,0.0727213,0.01227734,0.022507222,0.44906655,0.017146701,0.014181241,0.021704694,,0.049814634,,,0.0983266699696283,2000.0,0.0758807225077104,0.0960112801837,0.6395458984952214,mad,False,True,False,False,False,True,False
3.7792692724236616,6.375835790928821,8.756564276682068,,0.30181998,0.0880057,0.21339169,0.10617503,0.09269844,0.09199715,,,,,,,,,,,,,,,,,,,,0.10591203,,,0.0400500131781238,1260.0,0.0632441770013538,0.2015168003039107,0.9516801058342768,mad,False,False,True,False,False,True,False
2.114392681555551,4.806902900382065,12.22733453043669,0.029615518,0.14611189,0.023593638,0.069310896,0.017040802,0.021651322,0.010751105,0.0044033146,0.014022144,0.0587601,0.013273987,0.0079155695,0.076938726,0.011761278,0.0045230435,0.030348951,0.014991628,0.029001672,0.028623968,0.002406145,0.023924602,0.3212091,0.0069341687,0.0045541828,0.006764549,,0.021567717,,,0.0532405150683939,1040.0,0.0560287098577696,0.063139982059685,0.3085907900753761,mad,False,True,True,False,False,True,False
2.954575115487025,3.2312875722885908,3.83050675149211,0.021802824,,,,,,,0.01150465,0.02493176,0.03409328,0.0135361655,0.01829864,0.038262468,0.017597321,0.010625569,0.040934168,0.0155405775,0.05713225,0.05191502,0.009271726,0.043424733,0.3444035,0.018209223,0.009749894,0.018400721,,0.04455743,0.15580803,,0.0122718444051487,1120.0,0.0745361170030838,0.0597454544707868,0.0755231455384978,mad,False,True,False,False,True,True,False
2.4222709068384143,4.421374539808919,4.372954884506425,,0.26926088,0.06323927,0.16762772,0.0525364,0.043473657,0.05423308,,,,,,,,,,,,,,,,,,,,0.06737818,0.28225082,,0.0741509718862195,720.0,0.0452885644864809,0.1296039627237173,0.248916968471777,mad,False,False,True,False,True,True,False
2.4177214860081437,3.508857861451422,5.9784280951752,0.013754055,0.14787646,0.032852553,0.06677096,0.015156193,0.013347046,0.016720079,0.00643346,0.015956238,0.056262158,0.011869771,0.012989889,0.045416363,0.008432717,0.0051531964,0.03108418,0.010832867,0.033212226,0.025871743,0.003425051,0.019211644,0.21251583,0.010108075,0.0073467544,0.0064395554,,0.019714236,0.1512467,,0.042113057446076,1280.0,0.0487325795703825,0.080573532114932,0.4501619801234524,mad,False,True,True,False,True,True,False
2.2187534805400686,5.049055803267825,4.031519984758404,0.01660959,,,,,,,0.015622219,0.029869467,0.061379552,0.015531969,0.04688537,0.017946128,0.014296131,0.008900372,0.02978889,0.012768631,0.041989915,0.08357106,0.008866044,0.022007357,0.4290007,0.019392136,0.018373704,0.013074897,,,,0.09412581,0.090057399865992,1860.0,0.0485663642332529,0.1023040826796053,0.447517898463761,mad,False,True,False,False,False,False,True
3.763371752046056,5.801186360658571,7.965023676309011,,0.2748973,0.0761524,0.14483431,0.09681003,0.08642498,0.072469905,,,,,,,,,,,,,,,,,,,,,,0.24841109,0.0454141615849893,1240.0,0.065294808164358,0.6086103348905487,1.103711989229763,mad,False,False,True,False,False,False,True
2.0612973927640104,3.796681516189369,6.730743895374884,0.037115797,0.14099856,0.016926311,0.050474215,0.017295152,0.011808337,0.009650544,0.009530159,0.02971066,0.057538558,0.019962292,0.0148524465,0.0399608,0.011374702,0.007676167,0.015192111,0.016699594,0.039919116,0.03076287,0.003087978,0.036636554,0.21157682,0.008254799,0.008354722,0.008756417,,,,0.14588436,0.0333674574875785,1480.0,0.0780117937628749,0.1943702440721509,0.1340423489307048,mad,False,True,True,False,False,False,True
2.3976359590595018,2.4837834911522934,2.192454441071642,0.013731132,0.09577034,0.005222185,0.044025622,0.018378157,0.011058385,0.0030236037,0.0085934205,0.006452194,0.042793088,0.010436004,0.008494404,0.030278493,0.009771091,0.009399015,0.044152945,0.006574467,0.016099399,0.009926439,0.0046858946,0.0065154983,0.1179169,0.012703116,0.008400026,0.0071258815,0.10130187,0.017998436,0.20940728,0.11976473,0.0336135291136863,1700.0,0.0921509382751848,0.1575598289762023,0.1638421045930128,sun,False,True,True,True,True,True,True
2.5085858736565387,3.7252402179299855,8.758218699943153,0.04680295,0.25995877,0.00960614,0.1074581,0.06662455,0.03449244,0.020011064,0.015551465,0.042937044,0.12957183,0.024923086,0.02991719,0.14068653,0.019758767,0.027041027,0.024659092,,,,,,,,,,,,,,0.0293526842832349,900.0,0.0759903696525139,0.3599100290861169,0.429746662413997,sun,True,False,False,False,False,False,False
7.002419473083691,3.540167675388946,6.896746156797953,0.017739307,,,,,,,0.01494869,0.036438763,0.0836547,0.01693559,0.043903917,0.095580935,0.022441927,0.012766409,0.02563018,0.030419845,0.040483505,0.08415295,0.01395645,0.031323977,0.22699332,0.026738053,0.026472967,0.14941853,,,,,0.0124754427041698,160.0,0.1287895437088525,0.2639824228816164,0.3767361116073937,sun,False,True,False,False,False,False,False
4.627736841524837,6.677327047845559,6.394631531089853,,0.2924648,0.07878029,0.22764964,0.15714915,0.14015798,0.103798166,,,,,,,,,,,,,,,,,,,,,,,0.0818828319380094,560.0,0.0533177398336181,1.118656531078955,0.8385331841929282,sun,False,False,True,False,False,False,False
2.507597611106745,2.922180762609687,5.521323599122779,0.039548986,0.15058303,0.0094196005,0.05482032,0.022379477,0.01667155,0.009540035,0.008689402,0.013360572,0.07274619,0.015482262,0.010299535,0.11799113,0.01583888,0.012741419,0.026764765,0.015663238,0.030476078,0.00831315,0.004045383,0.012552266,0.2914968,0.0071571795,0.008943861,0.024474902,,,,,0.0156527821042719,1360.0,0.0846767429587117,0.1932110359212301,0.3019882348819678,sun,False,True,True,False,False,False,False
4.0513580263526165,2.657625043731097,4.897890965136331,0.027604733,,,,,,,0.026679,0.03661834,0.08911223,0.024337001,0.03458914,0.080454305,0.034965806,0.016602183,0.021677997,0.03041095,0.021716367,0.04265495,0.016274367,0.020084258,0.24719742,0.028774444,0.021491298,0.07278238,0.10597285,,,,0.0476229415595562,740.0,0.1435668667026042,0.078735324475272,0.3375511306404483,sun,False,True,False,True,False,False,False
3.690558693807726,4.44662654063489,4.2841672409740434,,0.309303,0.028565656,0.14541695,0.12403627,0.069706365,0.04940204,,,,,,,,,,,,,,,,,,,0.27356973,,,,0.0208615214322696,540.0,0.0774841009686626,0.1799703465233545,0.1776899337766755,sun,False,False,True,True,False,False,False
2.591271435482489,2.4079549406743745,4.975854431157625,0.018418351,0.15072882,0.008465555,0.05029766,0.024976442,0.0180373,0.0075126686,0.009883744,0.018027257,0.08907916,0.009572946,0.01113219,0.097703144,0.008821349,0.007960774,0.023741405,0.012458654,0.013232432,0.009982194,0.0053868224,0.008887971,0.22609076,0.014472972,0.009056998,0.027230859,0.118841566,,,,0.0178567424315163,1460.0,0.0788523866920124,0.1188162972897048,0.2371766099902701,sun,False,True,True,True,False,False,False
3.492436829266073,3.1422768236784657,3.0032094411092545,0.027043974,,,,,,,0.01635008,0.027056303,0.08311723,0.022455458,0.04247927,0.054873426,0.014842033,0.0117421895,0.03317631,0.016491963,0.031085473,0.051892005,0.009607503,0.021166712,0.26270533,0.021502014,0.025203258,0.07564504,,,0.15156445,,0.03952706557591,280.0,0.0325026082648638,0.1525165339428913,0.1192130547152204,sun,False,True,False,False,True,False,False
2.989759156172444,3.521181108305908,3.058488309534309,,0.22154479,0.038149815,0.16664053,0.10421208,0.059848238,0.054805815,,,,,,,,,,,,,,,,,,,,,0.35479873,,0.032578216284414,1080.0,0.020098270032934,0.1277765170666744,0.2201142798699238,sun,False,False,True,False,True,False,False
2.6172160457385907,2.768988245542696,4.063366418206678,0.024293538,0.10013118,0.011600228,0.05410067,0.027722273,0.02115746,0.006528066,0.008995017,0.018109173,0.14054772,0.009881096,0.0059770234,0.08240236,0.0064941994,0.00654757,0.042838108,0.011456143,0.015485118,0.019696731,0.0044537704,0.016043546,0.19620623,0.011496243,0.009022711,0.03375443,,,0.11505939,,0.0721487052069301,1180.0,0.1099799356732411,0.1559714854844317,0.5706178160890114,sun,False,True,True,False,True,False,False
3.516404899369917,4.705082721208676,8.275795791346752,0.02850313,,,,,,,0.015648011,0.03261993,0.070480734,0.020834485,0.029225409,0.05141238,0.016736023,0.013174951,0.030870533,0.021752672,0.027998185,0.020100174,0.014402136,0.0173173,0.4440754,0.019076828,0.019659024,0.055053543,,0.05105915,,,0.082823683749422,2000.0,0.1389288898285141,0.1754585359917671,0.162560506601759,sun,False,True,False,False,False,True,False
4.004797413236547,5.572718720898635,7.143590582273366,,0.26064354,0.06838433,0.19586036,0.15286288,0.10077198,0.088921614,,,,,,,,,,,,,,,,,,,,0.13255537,,,0.0696666847666797,1300.0,0.1138643760508748,0.6138176155150261,0.8962124621033982,sun,False,False,True,False,False,True,False
2.386193122950423,2.9005707594301526,5.55262666173344,0.039376907,0.14050154,0.007654985,0.053339303,0.02343243,0.017061034,0.0071283234,0.007073364,0.011420129,0.08900088,0.01382757,0.010675206,0.066302374,0.015333042,0.008539362,0.03593188,0.01594178,0.023450661,0.006450092,0.0040145335,0.009173808,0.3168137,0.0057137874,0.00684118,0.044608384,,0.020393725,,,0.031570452715518,1460.0,0.0998959746067932,0.159463229590926,0.6217945522500689,sun,False,True,True,False,False,True,False
3.0044692570198706,2.5576130386588303,3.125314746993709,0.037686307,,,,,,,0.012084869,0.024227802,0.06435201,0.014197049,0.017099435,0.058224212,0.014573084,0.010475343,0.036866125,0.019769493,0.036541276,0.03055185,0.009214396,0.018305503,0.30766582,0.019154338,0.012665938,0.056748696,,0.04335473,0.15624169,,0.0354692765469729,580.0,0.0354012543729937,0.0786019064647235,0.159647483081507,sun,False,True,False,False,True,True,False
2.701171880576756,3.2810697017722683,3.634417212818769,,0.24134901,0.02831223,0.18283284,0.09277335,0.051874436,0.04962971,,,,,,,,,,,,,,,,,,,,0.083225355,0.27000308,,0.0456423822751264,940.0,0.0329495365577115,0.2238161108325204,0.1617716233760484,sun,False,False,True,False,True,True,False
2.4785263444043784,2.590952542290888,3.61114120556926,0.011396639,0.13729548,0.011311934,0.043633588,0.021899238,0.008365853,0.0040136846,0.0067797787,0.00851834,0.18231532,0.012165391,0.0076514194,0.0821396,0.0064790146,0.007893698,0.035485037,0.007971621,0.016010392,0.013450734,0.0027918408,0.004648076,0.16620615,0.0072379843,0.009666676,0.03983716,,0.016195746,0.12863961,,0.0773863093720865,1000.0,0.0766957529394109,0.1791764438497626,0.7352951778772361,sun,False,True,True,False,True,True,False
2.762876286744004,3.3898372301862016,3.689586608707448,0.0347357,,,,,,,0.017869905,0.029644093,0.0732253,0.024425242,0.03412177,0.059835292,0.016286204,0.011655027,0.04471607,0.015407132,0.032915846,0.04277435,0.008915497,0.020417605,0.31511205,0.018973788,0.022532394,0.068866156,,,,0.1075706,0.0311522621089868,1820.0,0.1484168408696007,0.0836301334300991,0.3948793309888433,sun,False,True,False,False,False,False,True
3.97070757763113,5.087173033968893,6.102037348498918,,0.2529272,0.061559804,0.14528517,0.1260809,0.07800721,0.06769383,,,,,,,,,,,,,,,,,,,,,,0.26844582,0.055750406172125,1160.0,0.103549240281262,0.3668641428062612,0.2482635698984208,sun,False,False,True,False,False,False,True
2.493545672580601,1.948816882015457,3.7279358895790944,0.03295496,0.15307362,0.009373027,0.05708111,0.02333823,0.01847347,0.010254939,0.01240295,0.012367947,0.07161414,0.019638013,0.008135557,0.061140608,0.015372297,0.01266965,0.029914144,0.01703831,0.045479726,0.009280572,0.005028631,0.0230928,0.18803456,0.008519646,0.010183479,0.036930393,,,,0.10860723,0.0223992463840395,760.0,0.1178693411507218,0.0973979373342255,0.2486717641243441,sun,False,True,True,False,False,False,True
2.525126438009278,2.888311632471974,2.5208816588163447,0.018308029,0.057220757,0.004973352,0.013912757,0.011204953,0.015103606,0.0077785105,0.008825776,0.0092544705,0.012392772,0.011147278,0.0069263084,0.0066867983,0.0071125925,0.0070273997,0.086497344,0.008692099,0.010334156,0.009942622,0.004639677,0.0055403574,0.33578032,0.009574672,0.008771548,0.01809418,0.07151792,0.013592673,0.15731831,0.061828732,0.0598007932629161,1200.0,0.0577574177522498,0.1703228402767984,0.5570285495446534,mak,False,True,True,True,True,True,True
2.441886715776397,8.908262815177778,13.169482801862484,0.057792347,0.13618723,0.015442895,0.058009632,0.052707285,0.124307,0.0164746,0.011961313,0.0544567,0.08187314,0.032723,0.04481214,0.08130177,0.023611119,0.033603303,0.17473653,,,,,,,,,,,,,,0.0357551409981527,780.0,0.1003877764097086,0.1844511496872176,0.1426889201641532,mak,True,False,False,False,False,False,False
6.254863389622394,9.940892343580398,9.920277864404664,0.023645384,,,,,,,0.019676987,0.039896887,0.0537873,0.026113471,0.04701581,0.067742154,0.02989177,0.027193177,0.060055405,0.037177563,0.04759915,0.053548664,0.017796373,0.033126634,0.19764313,0.032520242,0.03046598,0.15510394,,,,,0.0319808778628079,520.0,0.0853070603691788,0.0834455475163275,1.1435078347599492,mak,False,True,False,False,False,False,False
4.988026275740162,8.500610120433805,9.335481531833327,,0.24329677,0.049925074,0.19898945,0.1406813,0.27455506,0.09255235,,,,,,,,,,,,,,,,,,,,,,,0.0190354274274116,340.0,0.0656982378535508,0.2146823234284398,0.2946157603055694,mak,False,False,True,False,False,False,False
2.469714638165684,8.538127967945089,8.530393222721456,0.04490547,0.08155896,0.0069253035,0.024085619,0.01998802,0.050323613,0.008533133,0.004738919,0.017420428,0.028409412,0.018348616,0.009881645,0.04340909,0.020115238,0.015782008,0.08037375,0.02231427,0.035669435,0.030495167,0.0047925785,0.011433409,0.37929678,0.0070513636,0.01222224,0.021925593,,,,,0.0656201368757614,560.0,0.1033003720863278,0.369455130747201,0.2322021355477448,mak,False,True,True,False,False,False,False
4.05335204288009,4.84282612981292,5.2434041556963065,0.038021833,,,,,,,0.01743913,0.0313762,0.050842725,0.024966422,0.024433443,0.04077931,0.026909504,0.018803723,0.057021976,0.027848572,0.042132877,0.04735399,0.014193678,0.014231989,0.2888527,0.030178154,0.020293564,0.088599965,0.09572029,,,,0.0226645907557811,860.0,0.0804190481088034,0.0983817086343255,0.4601200208300568,mak,False,True,False,True,False,False,False
3.9785641530659306,5.7976622071045085,6.34043534404602,,0.16090569,0.03443333,0.12740317,0.10865837,0.20088558,0.06536818,,,,,,,,,,,,,,,,,,,0.3023457,,,,0.0203909203356409,360.0,0.0376469487358749,0.3141879881124948,0.3341916085050381,mak,False,False,True,True,False,False,False
2.6337699999577007,6.632390592785383,6.801651018247142,0.02097703,0.06499603,0.0073317587,0.023584852,0.022070302,0.058953147,0.008700347,0.0073200213,0.018376525,0.04425626,0.012691544,0.016346777,0.023950953,0.009080951,0.011356434,0.06990697,0.014459362,0.018577207,0.027892169,0.0054228725,0.014653474,0.33005106,0.011810025,0.009121995,0.035298903,0.112812996,,,,0.0215499478734669,1300.0,0.0766912295570551,0.2288522541234342,0.5235500295498694,mak,False,True,True,True,False,False,False
3.510063417390729,4.317331939892567,4.3940396578771095,0.026800066,,,,,,,0.015067084,0.028855663,0.050629057,0.017774956,0.031305633,0.030952984,0.018222716,0.017440934,0.051984984,0.019155134,0.04000456,0.040909607,0.011764837,0.014500161,0.3010748,0.023999562,0.018461348,0.09570106,,,0.14539489,,0.0209188736646444,660.0,0.0872751057655595,0.083673673988975,0.3146484058712563,mak,False,True,False,False,True,False,False
3.0907331347687657,4.468515105374539,5.007905714291979,,0.12537092,0.038895212,0.108213164,0.07760817,0.21632302,0.04302464,,,,,,,,,,,,,,,,,,,,,0.39056483,,0.0345522824083418,860.0,0.0338941064395916,0.06892821916636,0.2251983417390287,mak,False,False,True,False,True,False,False
2.6719501100142704,5.255536413737467,5.847563024877594,0.023101907,0.05989311,0.011436326,0.023657184,0.018875573,0.053788066,0.010195161,0.008627599,0.021588566,0.047324423,0.016875584,0.005202093,0.021070035,0.00823273,0.016209027,0.075056635,0.01242575,0.023064291,0.026668206,0.0058932183,0.019053841,0.29583365,0.011605662,0.00891859,0.05474492,,,0.120657876,,0.0373237952674563,460.0,0.0645198363244678,0.4682458699025043,0.6581677982504069,mak,False,True,True,False,True,False,False
3.592653749979007,10.03149517088369,7.367985883882403,0.028030168,,,,,,,0.019645225,0.042250335,0.05303642,0.026324993,0.07268882,0.03792177,0.026252622,0.02553067,0.07422401,0.032975826,0.047879923,0.040678952,0.017988414,0.020093204,0.24555273,0.029291892,0.026720691,0.077316105,,0.055597223,,,0.0892989785930613,1940.0,0.1076575791696811,0.0934388170145456,1.0807527882687862,mak,False,True,False,False,False,True,False
4.249332127605098,7.77800161158544,10.11727710546148,,0.20020112,0.07236568,0.15233968,0.14113888,0.18373987,0.09824817,,,,,,,,,,,,,,,,,,,,0.15196654,,,0.064784496290874,1380.0,0.1108001973402851,0.4011988738559948,0.5163823113115088,mak,False,False,True,False,False,True,False
2.3095572608428623,8.965528703439773,7.289842041172217,0.040786363,0.07323265,0.0065584434,0.024739899,0.016188854,0.044725493,0.007913472,0.0047992123,0.014991177,0.03366515,0.018305577,0.016719688,0.01811434,0.010564359,0.012816345,0.08663378,0.0105641205,0.02283388,0.025060093,0.0029202532,0.0090710735,0.43676633,0.0060560955,0.006151092,0.030775253,,0.019047061,,,0.0420055775860093,1340.0,0.0618505387852924,0.4169279903277625,0.6435852932048239,mak,False,True,True,False,False,True,False
3.0065932610732538,4.608563654788417,3.8934904611961785,0.029850299,,,,,,,0.011873089,0.028815651,0.02391403,0.015941914,0.019573295,0.024264537,0.012573302,0.016667811,0.06976774,0.013905644,0.043477267,0.021271227,0.00561648,0.014084807,0.3806051,0.016575824,0.010753433,0.077117465,,0.028577412,0.1347737,,0.0394671760793394,860.0,0.068648557496995,0.3073704358812472,0.1425194042727849,mak,False,True,False,False,True,True,False
2.818577669661643,3.191568672568475,3.837607343892236,,0.14928332,0.04336815,0.12619594,0.07611358,0.14732149,0.06396351,,,,,,,,,,,,,,,,,,,,0.10558252,0.2881715,,0.0505017229893794,1340.0,0.0552942766202973,0.3512520542537556,0.5915342738523238,mak,False,False,True,False,True,True,False
2.5231196994207896,5.040652701842232,5.169971137373748,0.021490315,0.0537953,0.006541169,0.023924794,0.011567457,0.03664419,0.0090804985,0.009696351,0.01844671,0.02655973,0.015500756,0.010940038,0.010984806,0.006829201,0.009577039,0.094769314,0.0038308601,0.016218968,0.027525729,0.0030007728,0.008490602,0.41469985,0.011464471,0.009621059,0.008092119,,0.014855975,0.115851976,,0.0590441720203783,1540.0,0.0511776796088807,0.2969889658660178,0.688381965960011,mak,False,True,True,False,True,True,False
2.57976669820143,4.082640261840315,5.330638471653761,0.028429847,,,,,,,0.013226335,0.028711444,0.040402748,0.019477244,0.03508215,0.012711322,0.0147771165,0.014388286,0.08421538,0.014726641,0.047026075,0.030569946,0.008785961,0.02027927,0.41223925,0.022695752,0.019406995,0.05934049,,,,0.07350772,0.0687942654360045,1940.0,0.131509991078604,0.1378820451355237,0.7265065568441954,mak,False,True,False,False,False,False,True
4.234968111677718,4.346591262734624,3.5759421462221304,,0.187164,0.055728864,0.14066736,0.11062057,0.1720809,0.08163337,,,,,,,,,,,,,,,,,,,,,,0.25210494,0.0702024458935558,640.0,0.1246950862519521,0.1313623865489422,0.3811772043195747,mak,False,False,True,False,False,False,True
2.495160812571684,4.69611872604465,4.641828233929807,0.03528842,0.068439186,0.007873412,0.026203733,0.026414355,0.05366961,0.015949342,0.007943796,0.015485764,0.033375468,0.026210431,0.0065206513,0.022340683,0.019047339,0.024451926,0.07125542,0.01585693,0.041739587,0.02529397,0.0058394424,0.027909335,0.28213435,0.010218811,0.013232717,0.031485926,,,,0.08581938,0.0157003551098042,880.0,0.1053774072298651,0.1841345297213131,0.2537789373694954,mak,False,True,True,False,False,False,True
2.376959775394222,3.561609111677415,3.8041427833134502,0.0078523345,0.039837457,0.0026915013,0.043815166,0.007151914,0.0089871865,0.003338195,0.006457171,0.007609834,0.010175542,0.010406932,0.008211033,0.0071886056,0.00569367,0.005606411,0.022552457,0.005222102,0.014645508,0.0043324465,0.003861485,0.0077832253,0.27991325,0.006930869,0.0066139204,0.008028019,0.07126081,0.0124169905,0.22381397,0.15760204,0.0413760207976297,1080.0,0.0829328104884535,0.1906277361404676,0.3181445753464412,jav,False,True,True,True,True,True,True
2.396480443375338,5.3357663135053945,5.776988955074178,0.03703207,0.16895537,0.010801902,0.19035862,0.04249869,0.060755998,0.06388746,0.011377989,0.03629053,0.095272295,0.031868577,0.024568595,0.11420133,0.01800756,0.02407224,0.070050746,,,,,,,,,,,,,,0.0261843962133765,940.0,0.052796852474775,0.1544823055811779,0.101102006254832,jav,True,False,False,False,False,False,False
7.291408895939822,2.7031615392166515,6.031579143315197,0.01761311,,,,,,,0.013376099,0.038033452,0.066935636,0.019665604,0.03779865,0.08420751,0.024266925,0.014049619,0.048500303,0.024661008,0.04287878,0.07804261,0.015146245,0.039381653,0.25648385,0.032450534,0.02460053,0.121907935,,,,,0.0136903634270748,200.0,0.079334018697754,0.0578555596774842,0.1785609571860361,jav,False,True,False,False,False,False,False
4.748738282947515,7.470342544300584,5.701653122462486,,0.24638665,0.054995336,0.28616703,0.13076496,0.15451567,0.1271704,,,,,,,,,,,,,,,,,,,,,,,0.0420979114001132,540.0,0.0482903229479358,0.1519795803500123,0.1131732151042245,jav,False,False,True,False,False,False,False
2.445970693865913,5.011346316491322,6.851205970280245,0.0283032,0.09230002,0.007922294,0.09924669,0.0159544,0.020836461,0.016403293,0.005043611,0.013128072,0.037829727,0.016294431,0.008163172,0.085051775,0.018701913,0.0095560495,0.027722362,0.0144465165,0.035176776,0.026749339,0.0040676626,0.013061558,0.3750356,0.0063073025,0.009022681,0.013675076,,,,,0.0204922063041071,840.0,0.063363441204504,0.1234446750037618,0.244384390902953,jav,False,True,True,False,False,False,False
4.303780507628705,2.987328910668378,3.320560236312996,0.040396877,,,,,,,0.01830861,0.02995497,0.04815022,0.027782401,0.022176852,0.0405747,0.03339065,0.017068068,0.026373565,0.023700286,0.033811726,0.059716977,0.016577242,0.017333202,0.3282571,0.033956725,0.02158528,0.06113087,0.09975369,,,,0.0391341675506936,700.0,0.1178641555305842,0.0984097293500639,0.057587810637511,jav,False,True,False,True,False,False,False
3.927638043530728,4.268197076741908,4.0777451501221735,,0.14360873,0.02795298,0.2601928,0.08355029,0.10892892,0.08154412,,,,,,,,,,,,,,,,,,,0.29422215,,,,0.0171715732893428,540.0,0.0713818852400895,0.2497864923894187,0.1714482961703422,jav,False,False,True,True,False,False,False
2.5660224512047387,3.3982958580202927,5.369906313562115,0.02231873,0.07143722,0.0054760384,0.097134575,0.019051867,0.027150244,0.012800977,0.007971815,0.015988683,0.046101294,0.008876291,0.008541912,0.044973303,0.010107117,0.0064698993,0.02629531,0.011686422,0.021707606,0.04391653,0.0044493293,0.00988069,0.3179527,0.014112191,0.008025335,0.012924555,0.12464939,,,,0.0135166606367637,1340.0,0.0551573763023473,0.0825077797746223,0.0640090401867432,jav,False,True,True,True,False,False,False
3.186184195409596,2.3471941483264187,5.440724042760972,0.020779604,,,,,,,0.011182747,0.026726235,0.06196732,0.012902966,0.025508989,0.046452746,0.019132782,0.012149929,0.025005687,0.014991376,0.052455943,0.08498786,0.011408913,0.020780975,0.23531409,0.020150462,0.0222277,0.09472285,,,0.18115082,,0.0173441490058541,680.0,0.129923434021504,0.0214593627397515,0.1123951789183814,jav,False,True,False,False,True,False,False
2.725214215005715,3.1256643617330324,5.750047894064737,,0.17225209,0.024998702,0.22109321,0.065705255,0.09599282,0.0706255,,,,,,,,,,,,,,,,,,,,,0.34933248,,0.0198913872429789,800.0,0.0128823080268709,0.0922027036871473,0.1168636401489096,jav,False,False,True,False,True,False,False
2.5579497434168195,2.303422630241512,6.315594970604079,0.016707279,0.065105975,0.0062750108,0.09186387,0.017602593,0.025130183,0.018059867,0.006444982,0.017054055,0.051516056,0.0108207455,0.0068266355,0.035181604,0.012174452,0.0070462152,0.03255485,0.014491783,0.024570588,0.06904371,0.003252677,0.015512422,0.26907367,0.006811644,0.008440992,0.01931842,,,0.14911975,,0.0124709635777139,700.0,0.0514876041761708,0.0778136904477438,0.0894541885135495,jav,False,True,True,False,True,False,False
4.046772055861844,6.788658243363213,4.60500856596321,0.024609689,,,,,,,0.020247905,0.047918934,0.07769115,0.023518171,0.06511559,0.045367356,0.024562975,0.021471912,0.025535498,0.031224955,0.049907655,0.04554559,0.022033686,0.025726128,0.2585456,0.02845316,0.026975602,0.06987347,,0.065675005,,,0.0999328369223065,1960.0,0.0818691891605645,0.3620621764878454,0.4403059059384924,jav,False,True,False,False,False,True,False
3.904746494984176,8.517699436318122,4.738844941585843,,0.22486797,0.05131065,0.27629748,0.10295801,0.11245761,0.09573772,,,,,,,,,,,,,,,,,,,,0.13637058,,,0.061845864598069,980.0,0.0816655409313443,0.3634177392280369,0.4757146532858128,jav,False,False,True,False,False,True,False
2.2826047743987177,4.658337668756022,6.060468830904449,0.03204512,0.0862275,0.0041687135,0.09099976,0.014374259,0.017491398,0.0120618045,0.0035387091,0.010089467,0.03219589,0.011598961,0.0060655237,0.029192548,0.013600814,0.0052829827,0.015578377,0.013786724,0.025772005,0.04004999,0.0026799128,0.0078075468,0.47429115,0.004596312,0.005939773,0.017214099,,0.023350703,,,0.045492980018284,1220.0,0.0845445100845202,0.1190953140037512,0.1440818952795922,jav,False,True,True,False,False,True,False
2.9881078006777506,3.100691290071308,3.939378605238686,0.024128227,,,,,,,0.010222188,0.031098634,0.034026526,0.013070891,0.025920903,0.03019751,0.018240713,0.010803142,0.02881581,0.013851958,0.05707846,0.06575133,0.0079710465,0.018134713,0.29182172,0.017465938,0.014643322,0.051624723,,0.0435709,0.19156134,,0.0288112747289505,740.0,0.0509754371045605,0.0721051615491059,0.0708202889488951,jav,False,True,False,False,True,True,False
2.590136056670677,3.927934600980463,4.42936587830097,,0.19237491,0.022433726,0.2508734,0.043347936,0.09037262,0.054285992,,,,,,,,,,,,,,,,,,,,0.08008942,0.26622206,,0.0475097332798429,1000.0,0.0290168860743257,0.1322394368978657,0.0992956367087996,jav,False,False,True,False,True,True,False
2.4326614258945694,2.695972891368694,6.151544692983446,0.0138354,0.065087974,0.0045506987,0.061665155,0.013200286,0.015160659,0.0075584957,0.0062392573,0.010021807,0.06366512,0.00830348,0.010402546,0.03799042,0.008183165,0.005650717,0.025551189,0.006796699,0.01725727,0.03408826,0.002536979,0.0071771243,0.41174108,0.0046819253,0.0077629588,0.008968117,,0.016158553,0.12576468,,0.0562438128901287,1200.0,0.0749991347995227,0.3459923174312679,0.5302176891343571,jav,False,True,True,False,True,True,False
2.4286170583743063,7.673053477275305,3.8098990886577377,0.021695197,,,,,,,0.010672041,0.019988343,0.05157142,0.018034494,0.018303212,0.02712822,0.014632839,0.0096182795,0.040044297,0.009671774,0.03848344,0.061979037,0.0073133237,0.020898314,0.41844314,0.0125882225,0.017296968,0.073645554,,,,0.10799189,0.054822920302784,1260.0,0.0472938145768375,0.170755607988715,0.2548335843647166,jav,False,True,False,False,False,False,True
3.841000582446642,6.928919671990388,3.995159021168363,,0.17844239,0.03217452,0.21127908,0.077911325,0.102366254,0.08231219,,,,,,,,,,,,,,,,,,,,,,0.31551424,0.01463026663061,1360.0,0.0442097170392465,0.1693774807600158,0.0745677591882831,jav,False,False,True,False,False,False,True
2.282529002454359,4.101945579827108,3.7529616761382094,0.03382225,0.063530505,0.005142526,0.08482595,0.01669782,0.022959534,0.016740128,0.007890534,0.013799114,0.039975367,0.020354828,0.017673373,0.02158324,0.016454006,0.012583494,0.025753194,0.015332699,0.042229246,0.069554016,0.0050673625,0.026697885,0.2215426,0.0080855405,0.011539429,0.014497487,,,,0.16566786,0.0563938216038137,340.0,0.0474931048970918,0.5006205813501096,0.2931186180749678,jav,False,True,True,False,False,False,True
2.0572773637868966,4.068714920134509,4.622993736988671,0.018622167,0.018235097,0.020186031,0.035718877,0.0082071945,0.013771847,0.006534425,0.011991407,0.012100056,0.008546993,0.02538436,0.004924263,0.019401299,0.009315823,0.0052301507,0.08937943,0.010754133,0.008692405,0.10147911,0.0044641765,0.008472234,0.04507091,0.016783703,0.006535611,0.012364915,0.062089723,0.047990102,0.19439976,0.17335384,0.0525207832570136,1780.0,0.10385038940675,0.1609919912610917,0.4064311529330482,min,False,True,True,True,True,True,True
2.1715272950570865,5.08453562243582,8.808547291826745,0.06396311,0.088555895,0.11799989,0.1453745,0.024465999,0.08024594,0.028666276,0.014243593,0.08291875,0.079307824,0.04423316,0.04246466,0.05719601,0.025127735,0.01658806,0.08864857,,,,,,,,,,,,,,0.0346082733933112,1320.0,0.0737281636476953,0.1526135037849505,0.3228999619374753,min,True,False,False,False,False,False,False
5.888926857046284,7.273623735307467,13.334333903524254,0.025183728,,,,,,,0.013362676,0.048055843,0.056849904,0.027283434,0.04405429,0.057968237,0.030073846,0.017204631,0.05704186,0.03959268,0.05069421,0.21406111,0.015107892,0.02031063,0.20767641,0.024178335,0.02720115,0.024099188,,,,,0.0166101564367566,140.0,0.0983225201726119,0.035602363023935,0.2271714270647908,min,False,True,False,False,False,False,False
4.425423353910524,6.7212465694730525,9.158926866143808,,0.171134,0.1904634,0.24399836,0.09666405,0.19149497,0.106245294,,,,,,,,,,,,,,,,,,,,,,,0.0588245948075913,680.0,0.0508010057460523,0.244588791551734,0.3284108755872084,min,False,False,True,False,False,False,False
2.1466760684240582,4.67179702670942,9.572834006578171,0.06920197,0.046765305,0.053945422,0.07449759,0.008902378,0.032276917,0.009005402,0.0071361614,0.024469187,0.026282683,0.025904313,0.034953512,0.0065008947,0.015005511,0.004669892,0.06775671,0.031445183,0.011844182,0.24201939,0.00362271,0.0035406556,0.18037812,0.006344919,0.0063541397,0.007176819,,,,,0.0485842713487308,1240.0,0.0712155518354205,0.1166196467242779,0.398601725489507,min,False,True,True,False,False,False,False
3.9457711833046094,2.9869010172080603,6.729725775256787,0.03096776,,,,,,,0.018038671,0.04214456,0.033368625,0.027739953,0.03542168,0.041133374,0.03836584,0.016255978,0.052514743,0.035430316,0.03496935,0.21971779,0.015757084,0.013461426,0.1499126,0.035836685,0.034599148,0.017522147,0.10684228,,,,0.0170391150069777,840.0,0.0834204002586712,0.055415823689291,0.191982958909635,min,False,True,False,True,False,False,False
3.5320472562989087,4.739275836971528,6.159711805787991,,0.10052309,0.1847708,0.19025455,0.055264145,0.15428649,0.061591387,,,,,,,,,,,,,,,,,,,0.2533095,,,,0.027486429498907,640.0,0.0883644858858724,0.214323511987933,0.4467606653103745,min,False,False,True,True,False,False,False
2.24204694888111,4.169369066995527,7.345327381999761,0.033906303,0.035880633,0.050949633,0.066297755,0.010724754,0.03284977,0.008588785,0.008009625,0.025304187,0.020875026,0.013796233,0.025717342,0.0043091015,0.0095603,0.006919275,0.05727429,0.021333704,0.008545734,0.24859552,0.004057332,0.0045672613,0.17935011,0.014567052,0.0072426023,0.01151956,0.08925813,,,,0.0453859012818962,1740.0,0.1155877926405689,0.192093685761043,0.3743981667525296,min,False,True,True,True,False,False,False
3.571648420964313,3.870242109244278,4.3652691483575,0.032070816,,,,,,,0.016551787,0.04084257,0.034399528,0.026590368,0.03092962,0.03995878,0.028206851,0.014473207,0.058697335,0.028708842,0.04606201,0.18374014,0.01775908,0.017304067,0.16809304,0.022800308,0.02327305,0.016007345,,,0.15353125,,0.0118773703036647,740.0,0.1068227936569809,0.0132446828647616,0.2207843196437365,min,False,True,False,False,True,False,False
3.001789159580924,4.256949773423594,4.427044716084086,,0.08687163,0.153932,0.19393995,0.05904614,0.14737155,0.061038386,,,,,,,,,,,,,,,,,,,,,0.29780036,,0.03054655976869,1040.0,0.0839487756509281,0.1365535721509072,0.1803720049821932,min,False,False,True,False,True,False,False
2.210014524740631,4.255550836209085,5.763552768017608,0.05040903,0.023163741,0.06094448,0.06528773,0.008637687,0.03560386,0.0066932985,0.012321999,0.019580591,0.023046141,0.018148733,0.008608902,0.0026741722,0.00909204,0.006919693,0.08993707,0.016337266,0.009528056,0.2581691,0.0053653414,0.0056981076,0.122458816,0.009664298,0.006115972,0.010604945,,,0.1149889,,0.0664782194455862,1800.0,0.1447438498538621,0.2878137991884528,0.8500996415046,min,False,True,True,False,True,False,False
2.9825277098694443,9.964791584816624,11.092345698805742,0.0437094,,,,,,,0.019000227,0.041272976,0.03611732,0.029122844,0.049568582,0.033171598,0.024136607,0.013861135,0.067510985,0.025527451,0.033031125,0.24800408,0.013969494,0.0138905365,0.16506156,0.02154294,0.020450033,0.027768234,,0.07328286,,,0.0916238049280417,1940.0,0.066065699409742,0.0641053551942217,0.5680503118145223,min,False,True,False,False,False,True,False
3.799729804262504,7.277993356437342,7.547869206444105,,0.114112414,0.15923785,0.2255116,0.06587882,0.14108053,0.08580305,,,,,,,,,,,,,,,,,,,,0.20837577,,,0.0166203927142963,680.0,0.0704165680469091,0.2335464908748447,0.3453060653295549,min,False,False,True,False,False,True,False
2.175046291949575,7.171212694883442,8.666146779183887,0.06486819,0.032003958,0.051672507,0.073484376,0.0083061475,0.024379048,0.0073536457,0.0058403285,0.023349918,0.02377389,0.025209406,0.031044092,0.007391663,0.016708225,0.0076780794,0.07046114,0.02532939,0.021676604,0.22040674,0.0033469007,0.0045863106,0.1589777,0.007149103,0.0055678794,0.0079863,,0.07144843,,,0.0438120933070469,1320.0,0.0687728046773895,0.3177697772869386,0.9564318028449952,min,False,True,True,False,False,True,False
2.9868191337730123,5.50929084469394,5.3440410363785285,0.037616286,,,,,,,0.018695544,0.03554765,0.02796114,0.028174788,0.04020491,0.044272274,0.018136675,0.011954126,0.07609405,0.02035336,0.03708903,0.18707785,0.013954341,0.018887376,0.08806495,0.023084579,0.01583371,0.016549418,,0.06889619,0.17155181,,0.0625776108029243,1260.0,0.1237715193602757,0.2120873826055869,0.543190861116728,min,False,True,False,False,True,True,False
2.696655977234526,4.16189038586753,3.269905911097484,,0.08343598,0.089245655,0.19110961,0.04727606,0.088620864,0.053149246,,,,,,,,,,,,,,,,,,,,0.1682098,0.27895278,,0.0316182551221104,1060.0,0.081777041869761,0.0288826201893158,0.1207978295844378,min,False,False,True,False,True,True,False
2.204661761657721,4.959160103850783,4.987652863057497,0.03543222,0.028538113,0.05032938,0.05553714,0.008376492,0.034339435,0.0067027197,0.011688127,0.028038839,0.014260815,0.02441657,0.011478126,0.006672843,0.015455226,0.005806132,0.09303703,0.014367131,0.008016285,0.1563631,0.004742206,0.0066706436,0.15480545,0.011722156,0.009577185,0.0056000478,,0.05757637,0.14045022,,0.0636682923189118,1780.0,0.0798583255581347,0.2322041799122437,0.6634472215315405,min,False,True,True,False,True,True,False
3.4484417610465727,4.024457462179943,9.154717810288664,0.034806885,,,,,,,0.019955447,0.03086578,0.028516982,0.05040002,0.032806233,0.016844774,0.030404251,0.013626553,0.05157738,0.035364546,0.047039904,0.22923191,0.012011613,0.016315741,0.16489197,0.021734089,0.021671524,0.016600309,,,,0.12533408,0.0201191128674729,720.0,0.0634594961419739,0.0317159529194636,0.2171836034270498,min,False,True,False,False,False,False,True
3.8418489839378287,4.486336771573901,8.271016218222758,,0.110269785,0.15244268,0.18308121,0.075057104,0.1426512,0.07814187,,,,,,,,,,,,,,,,,,,,,,0.25835615,0.040990110056248,1320.0,0.1185000185419706,0.5429634924972276,0.9193909498310092,min,False,False,True,False,False,False,True
2.2098450919890498,3.2149354363080604,8.599061315087493,0.05471207,0.036435775,0.05660955,0.04647275,0.008562786,0.025431987,0.009706537,0.010532104,0.020497983,0.014226464,0.030792242,0.013181749,0.0075850235,0.018904965,0.00559025,0.053705674,0.028518442,0.022230355,0.20663159,0.0038876813,0.00872915,0.15649466,0.007508428,0.007173281,0.009837026,,,,0.1360415,0.0365285044991121,1640.0,0.0520374973205792,0.0787100966194231,0.6345786126891003,min,False,True,True,False,False,False,True
