cv_rmse,test_rmse,dataset_size_importance,genetic_importance,geographic_importance,syntactic_importance,inventory_importance,phonological_importance,featural_importance,avg_train_sentence_length_importance,avg_dev_sentence_length_importance,avg_test_sentence_length_importance,ttr_train_importance,ttr_dev_importance,ttr_test_importance,train_dev_ttr_distance_importance,train_test_ttr_distance_importance,dev_test_ttr_distance_importance,train_dev_jsd_importance,train_test_jsd_importance,dev_test_jsd_importance,train_dev_tf_idf_importance,train_test_tf_idf_importance,dev_test_tf_idf_importance,train_dev_st_similarity_importance,train_test_st_similarity_importance,dev_test_st_similarity_importance,trfm_spBLEU_mean_importance,small100_noft_spBLEU_mean_importance,small100_ft_spBLEU_mean_importance,nllb_noft_spBLEU_mean_importance,eta,n_estimators,cv_rmse_se,test_rmse_se,nlperf_only,dataset_features,lang_features,with_trfm,with_small100_ft,with_small100_noft,with_model_noft
1.8641959819403149,1.5631158347701797,0.008961653,0.019622337,0.011943553,0.04299742,0.01401067,0.023438757,0.0045637665,0.0073783,0.018884445,0.052062314,0.0049083307,0.022369822,0.022150988,0.00655407,0.002758422,0.040652912,0.010826662,0.0067568095,0.018898424,0.0010152723,0.0024331366,0.2703405,0.0052498416,0.0053747455,0.031753637,0.04327733,0.009754723,0.1505679,0.14049324,0.04284935706075953,1720.0,0.12289354478441063,0.3540141969295275,False,True,True,True,True,True,True
1.607576897002214,1.2105011416921,0.038858008,0.103288926,0.03812116,0.17227311,0.029080343,0.084063955,0.01828073,0.007129005,0.11645937,0.13833162,0.023577686,0.029491996,0.03380696,0.007978933,0.01912279,0.14013538,,,,,,,,,,,,,,0.06221624523923558,1860.0,0.19822198403430633,0.28734481149050484,True,False,False,False,False,False,False
6.2526289572706135,6.161163140672011,0.01424097,,,,,,,0.009516634,0.06639046,0.05887098,0.013035414,0.06626636,0.08426919,0.018055864,0.013062993,0.04305621,0.019404145,0.045246292,0.14397976,0.008741524,0.024373442,0.23740885,0.020067189,0.030800378,0.08321331,,,,,0.015835725876726776,220.0,0.12079737269636008,0.42087359260423035,False,True,False,False,False,False,False
4.557849685206989,4.256307708624423,,0.193869,0.08747123,0.29169643,0.10367273,0.22248745,0.10080316,,,,,,,,,,,,,,,,,,,,,,,0.04549639837686161,640.0,0.1499872466604765,0.38288531568177264,False,False,True,False,False,False,False
1.614401770096284,1.334810293081294,0.03554467,0.035562467,0.012115027,0.052988302,0.008169455,0.029823944,0.0038503855,0.0017912767,0.057598628,0.031678952,0.007424844,0.06927704,0.051333386,0.008917544,0.0035702023,0.029850012,0.010150443,0.012806113,0.07766688,0.00091032253,0.0017874744,0.43203998,0.0046673105,0.0034513003,0.01702406,,,,,0.045498698933296944,1820.0,0.19896048593540852,0.299235647497567,False,True,True,False,False,False,False
4.10214784234188,4.012772265939051,0.019025583,,,,,,,0.013986456,0.094295695,0.05429085,0.017629135,0.04975129,0.044521924,0.023594525,0.009961662,0.02538691,0.018455748,0.019246444,0.13080892,0.009485089,0.009061341,0.2399383,0.03974373,0.041746534,0.048458222,0.09061166,,,,0.029863847531215276,540.0,0.11121833070559489,0.3260396744270276,False,True,False,True,False,False,False
3.366330717951725,3.2665492447151836,,0.119896695,0.06708512,0.25333703,0.07583181,0.17704858,0.04438526,,,,,,,,,,,,,,,,,,,0.2624155,,,,0.013858313683949774,700.0,0.17694715136454292,0.26625655271065046,False,False,True,True,False,False,False
1.990030513898915,1.7002299032108361,0.015899798,0.0300483,0.016939925,0.059586145,0.009250668,0.034543447,0.0050998586,0.0061767576,0.068356454,0.058046162,0.005853911,0.051095985,0.017991314,0.006591873,0.0035836592,0.025398046,0.007918023,0.005510919,0.09234436,0.0020512033,0.0029576193,0.34850731,0.01672143,0.01882842,0.020536024,0.07016241,,,,0.040544790526781484,1680.0,0.196486742187897,0.2045529057673759,False,True,True,True,False,False,False
3.2759359112868878,2.857027719284867,0.019201118,,,,,,,0.010444179,0.0794144,0.053716313,0.012179315,0.106018916,0.03326594,0.018302163,0.010488111,0.05290742,0.014317465,0.030221913,0.0961823,0.0060819862,0.016322453,0.24219474,0.011029698,0.015258573,0.042092822,,,0.13036017,,0.018111113458133862,540.0,0.24194071509915963,0.2724192140393866,False,True,False,False,True,False,False
2.7277705995551895,2.2945016643391556,,0.10273279,0.053748,0.2348563,0.06704092,0.16362816,0.04142231,,,,,,,,,,,,,,,,,,,,,0.3365715,,0.028138967991893766,740.0,0.13696136129923583,0.2896475568389205,False,False,True,False,True,False,False
2.116613204959951,1.6457052087459967,0.03190052,0.020911064,0.0191965,0.05777794,0.009226019,0.026474256,0.005319762,0.003759676,0.07669391,0.0690255,0.0061877375,0.01939916,0.0015468531,0.008451012,0.004517438,0.041996453,0.0060021942,0.0070233503,0.10362301,0.0013189851,0.00609745,0.3397536,0.0043883696,0.005893876,0.029714087,,,0.093801305,,0.05456269844526292,1680.0,0.11183600769640234,0.4382660310936764,False,True,True,False,True,False,False
4.076846911608076,3.6521501302819686,0.013324974,,,,,,,0.008641087,0.061608564,0.03473086,0.013985254,0.076361306,0.037243266,0.018543001,0.008527414,0.046467964,0.020180443,0.025976408,0.09376739,0.008720217,0.008957703,0.42380914,0.012756363,0.015981399,0.033039875,,0.037377384,,,0.08106099903812922,1880.0,0.5172866987939868,0.4462026829147414,False,True,False,False,False,True,False
3.756528583167218,3.523868302966348,,0.15317893,0.0725267,0.28836608,0.089881495,0.18292555,0.06160102,,,,,,,,,,,,,,,,,,,,0.15152024,,,0.05090567475877785,1080.0,0.14392970675272235,0.3162720725362932,False,False,True,False,False,True,False
1.7294996984953896,1.3380859579099935,0.036025617,0.036077984,0.01172375,0.056771576,0.008711647,0.025449967,0.004206315,0.0019777685,0.056458138,0.053336043,0.008217648,0.039183013,0.025474882,0.0080796555,0.0038565055,0.035649512,0.008375772,0.010186754,0.07379166,0.0011823796,0.0027725853,0.45736948,0.0028242595,0.0031766538,0.017627452,,0.011492982,,,0.041122737923008176,1840.0,0.19224317950160638,0.382086635333209,False,True,True,False,False,True,False
2.8974112911039107,2.3972434026280496,0.019538332,,,,,,,0.008903192,0.06714178,0.04105907,0.011610033,0.065108165,0.038665958,0.015403639,0.008051093,0.045735396,0.011999123,0.031261913,0.063513994,0.004908214,0.015649362,0.3079883,0.015037464,0.0110154245,0.06268265,,0.030443061,0.12428385,,0.015905272870591628,940.0,0.23059689061390376,0.43676092582152665,False,True,False,False,True,True,False
2.4271619349790843,1.9704415448997707,,0.094521955,0.040780216,0.24797265,0.05199321,0.13213368,0.033904396,,,,,,,,,,,,,,,,,,,,0.09736584,0.3013281,,0.0317895465399459,1420.0,0.10349875474154058,0.3661726577465111,False,False,True,False,True,True,False
2.168493308369771,1.6432569334188503,0.025417244,0.020570666,0.010225629,0.046615176,0.007273915,0.020167267,0.0042513805,0.0038650658,0.070279695,0.031700235,0.0065612374,0.05007522,0.044500425,0.005850404,0.0039940183,0.033692516,0.0037796677,0.009012451,0.08270277,0.0017009383,0.0024299447,0.38422093,0.0024175025,0.0035951145,0.017509338,,0.0159604,0.091630824,,0.038860681833404034,1820.0,0.09163518755779854,0.4352007386782088,False,True,True,False,True,True,False
2.677591648308929,2.09416201669476,0.010120051,,,,,,,0.01609664,0.05347253,0.029161725,0.013953462,0.054822303,0.03618984,0.011014836,0.004225083,0.029361546,0.016228858,0.022067728,0.10597092,0.0058359005,0.0097498465,0.44008428,0.01366408,0.013104906,0.05487149,,,,0.060003974,0.07163518796428771,1920.0,0.3072404913413094,0.6111472456741789,False,True,False,False,False,False,True
3.53026878248808,3.4103952847047116,,0.13943884,0.06036798,0.21441647,0.09578557,0.1290094,0.050448872,,,,,,,,,,,,,,,,,,,,,,0.31053284,0.034564800667088204,340.0,0.1826517016061937,0.3731861162463772,False,False,True,False,False,False,True
1.6516583087391996,1.2667781246762015,0.03370548,0.044893477,0.016749473,0.06278821,0.013216995,0.02827636,0.0041185548,0.0051787584,0.059482433,0.05201943,0.013147099,0.035078213,0.0060357456,0.010565044,0.0062171845,0.015082113,0.015171111,0.020749107,0.095592156,0.0013849668,0.006364877,0.31910533,0.00513124,0.0030667258,0.02448241,,,,0.102397524,0.04333735917252446,1580.0,0.15410897572604212,0.29771276503669475,False,True,True,False,False,False,True
