cv_rmse,test_source_dik_rmse,test_target_dik_rmse,test_source_ewe_rmse,test_target_ewe_rmse,test_source_fao_rmse,test_target_fao_rmse,test_source_hne_rmse,test_target_hne_rmse,test_source_kin_rmse,test_target_kin_rmse,test_source_kir_rmse,test_target_kir_rmse,test_source_lmo_rmse,test_target_lmo_rmse,test_source_mri_rmse,test_target_mri_rmse,test_source_sna_rmse,test_target_sna_rmse,test_source_tat_rmse,test_target_tat_rmse,test_source_tuk_rmse,test_target_tuk_rmse,genetic_importance,geographic_importance,syntactic_importance,inventory_importance,phonological_importance,featural_importance,dataset_size_importance,train_word_vocab_size_importance,dev_word_vocab_size_importance,test_word_vocab_size_importance,avg_train_sentence_length_importance,avg_dev_sentence_length_importance,avg_test_sentence_length_importance,train_dev_word_overlap_importance,train_test_word_overlap_importance,dev_test_word_overlap_importance,ttr_train_importance,ttr_dev_importance,ttr_test_importance,train_dev_ttr_distance_importance,train_test_ttr_distance_importance,dev_test_ttr_distance_importance,eta,n_estimators,test_source_rmse,test_target_rmse,cv_rmse_se,test_source_dik_rmse_se,test_target_dik_rmse_se,test_source_ewe_rmse_se,test_target_ewe_rmse_se,test_source_fao_rmse_se,test_target_fao_rmse_se,test_source_hne_rmse_se,test_target_hne_rmse_se,test_source_kin_rmse_se,test_target_kin_rmse_se,test_source_kir_rmse_se,test_target_kir_rmse_se,test_source_lmo_rmse_se,test_target_lmo_rmse_se,test_source_mri_rmse_se,test_target_mri_rmse_se,test_source_sna_rmse_se,test_target_sna_rmse_se,test_source_tat_rmse_se,test_target_tat_rmse_se,test_source_tuk_rmse_se,test_target_tuk_rmse_se,train_is_seen,nlperf_only,dataset_features,lang_features,with_trfm,with_small100_ft,with_small100_noft,with_model_noft,dev_size_importance,test_size_importance,train_dev_jsd_importance,train_test_jsd_importance,dev_test_jsd_importance,train_dev_tf_idf_importance,train_test_tf_idf_importance,dev_test_tf_idf_importance,train_dev_st_similarity_importance,train_test_st_similarity_importance,dev_test_st_similarity_importance,eng_target_importance,trfm_spBLEU_mean_importance,small100_noft_spBLEU_mean_importance,small100_ft_spBLEU_mean_importance,m2m100_noft_spBLEU_mean_importance,test_source_sin_rmse,test_target_sin_rmse,test_source_amh_rmse,test_target_amh_rmse,test_source_tgl_rmse,test_target_tgl_rmse,test_source_arz_rmse,test_target_arz_rmse,test_source_kaz_rmse,test_target_kaz_rmse,test_source_zul_rmse,test_target_zul_rmse,test_source_mar_rmse,test_target_mar_rmse,test_source_hye_rmse,test_target_hye_rmse,test_source_xho_rmse,test_target_xho_rmse,test_source_kan_rmse,test_target_kan_rmse,test_source_mya_rmse,test_target_mya_rmse,test_source_jav_rmse,test_target_jav_rmse,test_source_tam_rmse,test_target_tam_rmse,test_source_afr_rmse,test_target_afr_rmse,test_source_ind_rmse,test_target_ind_rmse,test_source_som_rmse,test_target_som_rmse,test_source_yor_rmse,test_target_yor_rmse,test_source_wol_rmse,test_target_wol_rmse,test_source_bel_rmse,test_target_bel_rmse,test_source_cym_rmse,test_target_cym_rmse,test_source_ssw_rmse,test_target_ssw_rmse,test_source_guj_rmse,test_target_guj_rmse,test_source_khm_rmse,test_target_khm_rmse,test_source_bak_rmse,test_target_bak_rmse,test_source_plt_rmse,test_target_plt_rmse,test_source_kat_rmse,test_target_kat_rmse,test_source_hau_rmse,test_target_hau_rmse,test_source_pan_rmse,test_target_pan_rmse,test_source_ceb_rmse,test_target_ceb_rmse,test_source_oci_rmse,test_target_oci_rmse,test_source_snd_rmse,test_target_snd_rmse,test_source_ltz_rmse,test_target_ltz_rmse,test_source_ibo_rmse,test_target_ibo_rmse,test_source_sin_rmse_se,test_target_sin_rmse_se,test_source_amh_rmse_se,test_target_amh_rmse_se,test_source_tgl_rmse_se,test_target_tgl_rmse_se,test_source_arz_rmse_se,test_target_arz_rmse_se,test_source_kaz_rmse_se,test_target_kaz_rmse_se,test_source_zul_rmse_se,test_target_zul_rmse_se,test_source_mar_rmse_se,test_target_mar_rmse_se,test_source_hye_rmse_se,test_target_hye_rmse_se,test_source_xho_rmse_se,test_target_xho_rmse_se,test_source_kan_rmse_se,test_target_kan_rmse_se,test_source_mya_rmse_se,test_target_mya_rmse_se,test_source_jav_rmse_se,test_target_jav_rmse_se,test_source_tam_rmse_se,test_target_tam_rmse_se,test_source_afr_rmse_se,test_target_afr_rmse_se,test_source_ind_rmse_se,test_target_ind_rmse_se,test_source_som_rmse_se,test_target_som_rmse_se,test_source_yor_rmse_se,test_target_yor_rmse_se,test_source_wol_rmse_se,test_target_wol_rmse_se,test_source_bel_rmse_se,test_target_bel_rmse_se,test_source_cym_rmse_se,test_target_cym_rmse_se,test_source_ssw_rmse_se,test_target_ssw_rmse_se,test_source_guj_rmse_se,test_target_guj_rmse_se,test_source_khm_rmse_se,test_target_khm_rmse_se,test_source_bak_rmse_se,test_target_bak_rmse_se,test_source_plt_rmse_se,test_target_plt_rmse_se,test_source_kat_rmse_se,test_target_kat_rmse_se,test_source_hau_rmse_se,test_target_hau_rmse_se,test_source_pan_rmse_se,test_target_pan_rmse_se,test_source_ceb_rmse_se,test_target_ceb_rmse_se,test_source_oci_rmse_se,test_target_oci_rmse_se,test_source_snd_rmse_se,test_target_snd_rmse_se,test_source_ltz_rmse_se,test_target_ltz_rmse_se,test_source_ibo_rmse_se,test_target_ibo_rmse_se
8.316232802643793,5.675984856645231,4.52035267623035,3.6290004192916596,7.592874600556408,7.481060227715966,11.763492433937651,13.221116490685267,2.9489745345174563,5.682064692591275,20.83284685882581,7.336533379427576,7.800168743995707,5.057809930842703,12.85594564293937,16.22520286613146,6.902758764163712,3.9584606830390996,4.5398715729919985,5.932049982210694,13.514221614166996,6.981371327347732,6.283497792068756,0.42652243,0.08967395,0.03839229,0.026757475,0.023359904,0.01331272,0.023189869,0.034752227,0.01707612,0.02351122,0.03480522,0.019327685,0.019927602,0.019753871,0.029133251,0.060798623,0.018439734,0.0131676495,0.01676521,0.013558967,0.013576043,0.024198,0.017049156649580587,3100.0,7.3800595323571505,9.050455021308565,0.028095663038935542,0.2235451057295124,0.2884345006961957,0.2633980494667613,0.5176304668749315,1.1416187086661647,1.6146027779073278,1.0420178005232748,0.2414203901138961,0.17443381572163535,0.34952866832255686,0.186439376781788,0.6120171427060603,0.6398185001545069,0.48918949666650446,0.5248941093292472,0.2501440740256216,0.1782368622901149,0.3547189304608071,0.2874425129326947,0.17390344512342207,0.18528015309349374,0.3274761790900726,True,True,False,False,False,False,False,False,,,,,,,,,,,,,,,,,,,,,,,,,,,,,,,,,,,,,,,,,,,,,,,,,,,,,,,,,,,,,,,,,,,,,,,,,,,,,,,,,,,,,,,,,,,,,,,,,,,,,,,,,,,,,,,,,,,,,,,,,,,,,,,,,,,,,,,,,,,,,,,,,,,,
4.120865630939788,4.6740819131502205,2.8239307047145075,4.9312655524489575,4.797044048207974,3.4696870365686117,2.2900813472054273,14.053155248230123,1.1582892460354737,2.358250022955489,5.434317185885931,3.1216331047161257,9.263257316153819,6.42905356615084,1.5739647402973114,0.9170283856677507,3.966185710839116,3.452799653887271,3.9386829465898083,2.3454308922430345,3.6720387172986095,6.746194948166834,4.503427989006257,0.021639178,0.004172967,0.0061119283,0.011600353,0.0066728517,0.008228322,0.02371506,0.013578217,0.011608604,0.0091811055,0.011690256,0.0069348873,0.0040055504,0.017638588,0.015090972,0.0043238653,0.008340942,0.0061161444,0.0056491294,0.0093915975,0.0040701353,0.0029504842,0.023014331908184964,3000.0,4.772598211289568,3.947383632021294,0.017122211547161658,0.17662930192343643,0.5978188303830241,0.1558061086792155,0.2066222852200361,0.14808558818950426,0.16118642218902032,0.435382109600983,0.2748957133410201,0.44122771882339934,0.43837871106271703,0.29879851164700905,0.04227180242176921,0.2474311212252692,0.09075858920094038,0.0563289105046407,0.21865241881029912,0.1221470336264592,0.1451721434648347,0.17877857998234692,0.16389737505029295,0.08221098581055636,0.2245895509810886,True,False,True,True,True,True,True,True,0.003261549,0.0055388324,0.008229607,0.013721767,0.005677397,0.010400295,0.0076951287,0.0023239001,0.008452627,0.018706603,0.004381624,0.005386328,0.12956502,0.021522539,0.4934085,0.04901717,,,,,,,,,,,,,,,,,,,,,,,,,,,,,,,,,,,,,,,,,,,,,,,,,,,,,,,,,,,,,,,,,,,,,,,,,,,,,,,,,,,,,,,,,,,,,,,,,,,,,,,,,,,,,,,,,,,,,,,,,,,,,,,,,,,,
8.17811278205645,7.12669287995431,2.312996131414226,7.23447354057825,9.061778719573343,4.221854245138035,3.6272517575273646,12.213364206143057,7.758369372455498,13.161882523358054,12.807936235625721,21.82765732055874,11.351245404897895,3.4625919538388787,4.814661287673499,6.379715943616826,4.376718895515034,5.067774433214222,5.3018480923548745,6.228034026972127,10.280543691047688,10.429907492921089,11.587157170995136,,,,,,,0.04711885,0.030079594,0.026522404,0.024260683,0.047824156,0.038182005,0.04812082,0.031736504,0.021790218,0.05217191,0.02443986,0.029847706,0.023842659,0.018209571,0.0112008555,0.018981759,0.014799577023914523,3000.0,8.850358960572144,7.570955159916389,0.005940763255194591,0.25529516186797335,0.18392195478693568,0.3767760062115159,0.3778040782142744,0.14210801088255937,0.20173379055370821,0.23900499277155585,0.46211193963668384,0.38101865960161263,0.23985650373566722,0.6481770538451103,0.3669484582362738,0.09618799423081222,0.412494300099051,0.3029929164186097,0.2973219222523488,0.29663369323274547,0.27557942751843073,0.13811781757565492,0.30762423468468775,0.4204579684151894,0.13199221100614805,True,False,True,False,False,False,False,False,0.011897218,0.032892726,0.048525736,0.16112201,0.023771139,0.026673082,0.04535227,0.032822076,0.0484863,0.03881661,0.031191384,0.0041199126,,,,,,,,,,,,,,,,,,,,,,,,,,,,,,,,,,,,,,,,,,,,,,,,,,,,,,,,,,,,,,,,,,,,,,,,,,,,,,,,,,,,,,,,,,,,,,,,,,,,,,,,,,,,,,,,,,,,,,,,,,,,,,,,,,,,,,,,
11.245713031392892,6.160093563109685,9.52356734339292,5.770906329662536,4.884058855990595,22.68126684573256,26.625456225954498,4.85589788529646,7.615747462139646,8.114443303548757,21.398520942305044,8.220460330097856,8.092315098227289,8.96958798691632,14.471515010788092,12.99617072484322,14.607815594677756,12.845951178502304,11.051874572435748,5.345848554289132,13.344968302004707,10.725334606576412,5.936315204710637,0.6277009,0.13110256,0.08808714,0.07223674,0.052278478,0.028594133,,,,,,,,,,,,,,,,,0.011155381439545774,2050.0,9.698723755325021,12.50474132842063,0.0019387621059055668,0.12898364505065255,0.15131855828290702,0.19782109457661082,0.20740562770600426,0.5741687693062044,0.5767807150766124,0.8128291975669949,0.4844701875540686,0.3054999191900174,0.12185093197910578,0.09290850712537958,0.48442358774253363,0.43973843528199913,0.5823990230701243,0.3780938517548746,0.023463262851600736,0.29155066758043985,0.23997093444372367,0.31283918817312906,0.08127830493469798,0.050118026163315926,0.0042880088910414605,True,False,False,True,False,False,False,False,,,,,,,,,,,,,,,,,,,,,,,,,,,,,,,,,,,,,,,,,,,,,,,,,,,,,,,,,,,,,,,,,,,,,,,,,,,,,,,,,,,,,,,,,,,,,,,,,,,,,,,,,,,,,,,,,,,,,,,,,,,,,,,,,,,,,,,,,,,,,,,,,,,,
7.14647436665889,3.122646148561331,1.407502407592468,4.0562017918537805,8.09364464943961,11.913419485986227,11.45223605317985,13.812120780053217,5.6370675108194845,10.45348648566841,12.784589733818336,9.313795769239388,9.10346127896147,1.9882643183632296,7.118844085867297,11.31740784466613,4.18321880646386,3.4726421582629037,5.944349272164912,6.370006876665424,10.076890856285454,5.32619660599363,5.589770198960669,0.31022328,0.05989195,0.016833879,0.018062484,0.01962797,0.0060905046,0.016340764,0.02541526,0.020792622,0.013025345,0.020171102,0.029756349,0.023916304,0.013916008,0.018959505,0.043937568,0.013208923,0.01165257,0.009699952,0.008650449,0.008790502,0.012324359,0.020125818477248866,3950.0,7.376926205937607,7.399234077595764,0.02517422543224579,0.5154299729756718,0.32102576950718453,0.13086248016764143,0.2981378494116682,0.6132420007588107,0.5652648909558212,0.282057008998426,0.3533643040863148,0.47753909472441075,0.5511664832353415,0.35630379098491205,0.19275031581562155,0.5534263379771892,0.8127602719859702,0.270695732114918,0.6523650293372376,0.21261003468014555,0.21280240882104481,0.24355328694128642,0.35012776574337456,0.25697326599032394,0.369127462987269,True,False,True,True,False,False,False,False,0.009237653,0.016668897,0.01395536,0.1050606,0.012961154,0.0076374947,0.020129494,0.01857813,0.020832926,0.031539485,0.019975213,0.0021359269,,,,,,,,,,,,,,,,,,,,,,,,,,,,,,,,,,,,,,,,,,,,,,,,,,,,,,,,,,,,,,,,,,,,,,,,,,,,,,,,,,,,,,,,,,,,,,,,,,,,,,,,,,,,,,,,,,,,,,,,,,,,,,,,,,,,,,,,
6.019711466873537,9.686906959359284,6.891346202521904,4.509298761562175,6.168289561936783,2.906034434019228,1.7687654147234255,14.348665873068105,2.938468232441388,7.228612895070303,11.962623613777307,16.16522812120244,8.194646797865712,3.656480937741718,7.67574236990586,4.086163451384768,3.6753231193002778,6.468743546064137,3.921179136799276,3.006993214485049,3.981773996510789,10.523601863176586,12.676521317357073,,,,,,,0.042314038,0.025256917,0.009304674,0.012947001,0.034154393,0.020067085,0.022423847,0.041517638,0.027247494,0.013548249,0.02253924,0.017374657,0.010884726,0.028440883,0.0076911217,0.010235424,0.03247970632779109,2750.0,7.507884550648526,6.350425433012709,0.014840361935108678,0.18920503881319,0.3384819974260687,0.36440664627827307,0.4670069726775665,0.1460446681175792,0.20504802729430893,0.8937500222022028,0.2908349606109685,0.35430432576628307,0.6098126813322474,0.5947790935782888,0.2513459710094501,0.2772039151391516,0.2618499988583353,0.2688952697845219,0.595842134474088,0.34114965085966426,0.2822605563429926,0.15632120851468953,0.1269667630533785,0.5369838804776358,0.2518474785399737,True,False,True,False,True,False,False,False,0.014519947,0.012889592,0.01614873,0.06432209,0.027834198,0.019546818,0.020976521,0.010784156,0.026244154,0.021223417,0.014047585,0.0034784682,0.40203696,,,,,,,,,,,,,,,,,,,,,,,,,,,,,,,,,,,,,,,,,,,,,,,,,,,,,,,,,,,,,,,,,,,,,,,,,,,,,,,,,,,,,,,,,,,,,,,,,,,,,,,,,,,,,,,,,,,,,,,,,,,,,,,,,,,,,,,
7.400580390657145,4.904057074235885,3.123478070673831,6.768800120063558,6.344851503735988,12.271351418529,16.875060598701115,15.028603211257172,2.412028938512266,3.9665371420990345,9.655100086099598,1.1677333205598541,13.638258019638432,8.846838401033423,8.856305585425188,10.151502561777853,10.57401780973419,5.390148554424902,5.938395036517712,4.935454612569381,4.269317762216528,10.700899923667551,6.278037006612732,0.32519215,0.08794616,0.071863376,0.06863667,0.04592757,0.072036475,,,,,,,,,,,,,,,,,0.01,2000.0,7.6483569400197835,7.996804583442508,0.008966608913571268,0.2490568768241601,0.1702143619931492,0.3796414367818269,0.45698817988125684,0.3680585477915454,0.4033659815564555,0.40446845685824484,0.0998168714650861,0.15467610554829933,0.1502385302773932,0.10584004766667261,0.21796669368206031,0.20361056711670894,0.1793211065205535,0.3400500382571281,0.0860085070131085,0.17269340231596367,0.2258615668027387,0.12194656641542462,0.07988893298781205,0.08313911467925192,0.0763920298822112,True,False,False,True,True,False,False,False,,,,,,,,,,,,,0.32839757,,,,,,,,,,,,,,,,,,,,,,,,,,,,,,,,,,,,,,,,,,,,,,,,,,,,,,,,,,,,,,,,,,,,,,,,,,,,,,,,,,,,,,,,,,,,,,,,,,,,,,,,,,,,,,,,,,,,,,,,,,,,,,,,,,,,,,,
5.559253103293225,7.853197567645649,5.721056430208158,5.044298704275794,5.585572037757381,1.766118600344058,4.718513863714184,15.08330203706024,2.859058175944265,6.45443201559876,11.937368963840205,9.723245396908286,7.119015867739184,3.0696830759485896,8.792503722188366,8.029425814969056,5.357016083469105,5.773742876999778,4.360696873737761,3.2931745477354077,3.879813587079042,8.517834463856879,8.909327077511447,0.17158404,0.030293927,0.013714435,0.022857154,0.009478236,0.0043331226,0.029925173,0.01393796,0.0041363784,0.0114897955,0.014211556,0.018699106,0.012860711,0.0399893,0.022144217,0.012258566,0.013156298,0.00841853,0.0067866007,0.014079565,0.006501776,0.006241988,0.024502145162930023,3400.0,6.782586827394772,6.294540243926281,0.014455932889775792,0.33373762339770124,0.4031341856626675,0.35495468988421053,0.09957726391050845,0.5793190565531149,0.3889147563846496,0.43798480486551883,0.2890442847228885,0.18050815313767635,0.31865970555187934,0.42264983039907916,0.3833215636004101,0.14460522224051367,0.26051302516537034,0.26978354601168064,0.17310112939198657,0.31290190983688726,0.17362783815365215,0.19223844319469513,0.16004969891932716,0.28038723298099893,0.38313817876974077,True,False,True,True,True,False,False,False,0.006893917,0.010654756,0.011576949,0.046367105,0.020559937,0.01799258,0.016462486,0.005752403,0.015773337,0.01579399,0.0091777425,0.0032966777,0.3325997,,,,,,,,,,,,,,,,,,,,,,,,,,,,,,,,,,,,,,,,,,,,,,,,,,,,,,,,,,,,,,,,,,,,,,,,,,,,,,,,,,,,,,,,,,,,,,,,,,,,,,,,,,,,,,,,,,,,,,,,,,,,,,,,,,,,,,,
4.7819355643581485,5.801272724323052,1.6629204497133938,6.807186349834806,4.784990739263732,3.370104843620588,2.3125778858225834,14.890782674732161,2.3076339358966345,2.975031523947041,3.3794058323881506,4.409948173587158,10.528247568705442,5.218550648575854,1.126314812141306,1.696132983257876,1.9500692546168061,3.058851891951723,3.0047183860609037,2.7101371962734806,2.796982543819767,8.169397706708587,4.006288939928763,,,,,,,0.026162859,0.020172125,0.02608562,0.011458524,0.020206593,0.021185396,0.019666066,0.024925744,0.015414976,0.019552018,0.016896565,0.02512145,0.009864552,0.01812475,0.008906593,0.008231292,0.021462370592318085,3400.0,5.373399701528394,3.4418318498506806,0.022105229362881857,0.12608349438560684,0.30512830987720646,0.13158061609644822,0.4217659110759092,0.23530109530167093,0.08341880315018115,0.5062403743424585,0.564422079777092,0.34418270475684903,0.39792603860650505,0.24968227299990137,0.45301975796021376,0.12072325801602447,0.2467481166243543,0.09431671553515737,0.15042356878059485,0.18893101516034322,0.24951455774459172,0.19197172824945258,0.1607016432034982,0.31071561938241005,0.22638355918769104,True,False,True,False,False,True,False,False,0.008740646,0.013075748,0.0175328,0.077230155,0.011892529,0.012402615,0.012623668,0.010095515,0.015190205,0.028793696,0.007824829,0.008626059,,,0.4839964,,,,,,,,,,,,,,,,,,,,,,,,,,,,,,,,,,,,,,,,,,,,,,,,,,,,,,,,,,,,,,,,,,,,,,,,,,,,,,,,,,,,,,,,,,,,,,,,,,,,,,,,,,,,,,,,,,,,,,,,,,,,,,,,,,,,,
5.767182593304261,3.4088001424422862,4.585975555113663,3.963707918475894,4.5185209140539495,9.977266394830544,10.503226504738103,11.0139537165558,4.66145751271092,8.570014919281055,6.254226767174894,3.2437173291872172,12.792997544763832,2.236134330658744,0.9054844112086945,3.2985748345230377,2.915450823248055,5.282845608410608,3.8443476940122885,2.535592924405605,5.530621606348158,12.089316339790035,6.822636901751514,0.271703,0.07600818,0.06478665,0.0433212,0.03909807,0.034449086,,,,,,,,,,,,,,,,,0.010020854976615794,2000.0,5.965447678050984,5.757722385011278,0.010787404155304523,0.07184446030504989,0.0939020482745875,0.28280522496252036,0.2342114869743868,0.17214532348740486,0.32190043380580113,0.17924425015893258,0.15943531556419094,0.08576484172986536,0.28321509223744856,0.12684116483113428,0.26639719553621216,0.2129512218618707,0.11349723905268481,0.16704579144156648,0.14455884653943266,0.17571444470903627,0.04660102732094455,0.04703677367015301,0.15256182889552775,0.043692789567126154,0.08108087679738349,True,False,False,True,False,True,False,False,,,,,,,,,,,,,,,0.4706338,,,,,,,,,,,,,,,,,,,,,,,,,,,,,,,,,,,,,,,,,,,,,,,,,,,,,,,,,,,,,,,,,,,,,,,,,,,,,,,,,,,,,,,,,,,,,,,,,,,,,,,,,,,,,,,,,,,,,,,,,,,,,,,,,,,,,
4.68134272955932,5.042485977216085,2.6424228810897477,5.8435852150211804,5.318577570593197,3.640648976136255,4.105521430524982,15.153617532571294,2.2503196498290787,2.6373621528881297,2.780860642229162,4.841787823421123,10.433732855227209,4.73547732055425,1.3360506079714412,2.4209017031366225,3.266212729813463,1.7404841237936761,3.6418462005443564,3.0534477017029547,2.2153447353502247,8.427589833171279,4.413118407966879,0.16796048,0.019086622,0.016374348,0.01323015,0.009912249,0.010113004,0.018760636,0.018112715,0.020757478,0.008647147,0.011652587,0.021024998,0.009827316,0.021294376,0.011631646,0.013216488,0.011308724,0.011438099,0.006332631,0.010750988,0.008082674,0.005834351,0.04442115236759091,2950.0,5.230671669055715,3.8549097919217945,0.026537287549016086,0.42227178780019053,0.6337241256644167,0.2240480127780311,0.6274398375782604,0.8398504091031255,0.7721151822361473,0.5467014525144951,0.3122553272667968,0.22506381414803409,0.4271088819916037,0.39062127453522505,0.762635673645759,0.3312847539614649,0.37329675497093034,0.20762425615953964,0.24054064623975058,0.3200041069490495,0.3718616395540889,0.04341879003416623,0.28353247763127604,0.3627145995117034,0.3459841341354541,True,False,True,True,False,True,False,False,0.011166249,0.008674821,0.011477781,0.056624584,0.008752411,0.007432376,0.012062731,0.0046170913,0.006501959,0.026655685,0.005810726,0.00559597,,,0.3892779,,,,,,,,,,,,,,,,,,,,,,,,,,,,,,,,,,,,,,,,,,,,,,,,,,,,,,,,,,,,,,,,,,,,,,,,,,,,,,,,,,,,,,,,,,,,,,,,,,,,,,,,,,,,,,,,,,,,,,,,,,,,,,,,,,,,,
6.738662454994173,1.3356161620990428,2.1021500447750023,3.605993175810627,7.91617797423945,4.746426081959482,4.569029602083372,3.3192793840191306,12.125531909145161,10.068640559748063,15.559218234576525,2.535470583580185,7.322160196506009,5.936007532151916,3.204066257072958,2.0641689722251164,5.877289804335745,6.783502430980545,5.119556397268131,4.662587055298101,10.725100912691968,5.476129475040234,3.2386002078276723,,,,,,,0.020624736,0.03027164,0.030925298,0.013049188,0.055795938,0.02666308,0.02941302,0.020651868,0.014726241,0.0356014,0.022724364,0.020488683,0.01656324,0.026804078,0.014996527,0.016305808,0.028566563672457378,2750.0,4.593983764810222,7.068989230956546,0.03593880336327244,0.15072921164555142,0.24110325556688253,0.2497823182213933,0.7433530280655792,0.27425975093817806,0.16786062038178892,0.6311001147986249,0.3179163336770424,0.715987612390091,0.526263453083493,0.5610401606151635,0.7267782429644135,0.17018790058670416,0.24763252317830056,0.19174294764176347,0.4528738157586009,0.47213192968174555,0.1947048824928037,0.44496218142114485,0.46402014626796334,0.34054233360140246,0.2848985221559503,True,False,True,False,False,False,True,False,0.014672035,0.013366123,0.023488844,0.13750829,0.012452409,0.014601903,0.02227564,0.017555213,0.025234485,0.09708177,0.023585137,0.0023935633,,0.2001795,,,,,,,,,,,,,,,,,,,,,,,,,,,,,,,,,,,,,,,,,,,,,,,,,,,,,,,,,,,,,,,,,,,,,,,,,,,,,,,,,,,,,,,,,,,,,,,,,,,,,,,,,,,,,,,,,,,,,,,,,,,,,,,,,,,,,,
11.746272609460886,4.69203968470587,8.014807407793725,8.731339993770522,6.732083893243454,13.211817768058543,10.950133114418112,11.84324399241883,7.003435358472918,6.350102295197084,22.206136052454994,5.428956328310061,5.9503966993662685,3.8450562652983193,6.713536819431846,10.766936031448967,14.620271737624583,15.389347768191573,12.598022437802474,4.761222418430018,12.8755112575791,11.82729797883818,7.033955779582106,0.28122362,0.11454312,0.10666251,0.0955423,0.085382685,0.07698323,,,,,,,,,,,,,,,,,0.010003235377787217,2000.0,8.804305502242542,10.427117323433599,0.002399826353043146,0.43177710198727043,0.4627551983036357,0.26933637992883386,0.35556841079165474,0.4019114660140668,0.5119194338608785,0.25061042810289313,0.2723333713942297,0.12359796080572978,0.20300125253906534,0.120526856220851,0.28183544681082157,0.27693623997996253,0.3614719349183709,0.3396804721081287,0.16533485152852168,0.15813626432558064,0.15509294137206592,0.09863485453172431,0.09436571212580809,0.04766595642429203,0.13594534065870872,True,False,False,True,False,False,True,False,,,,,,,,,,,,,,0.2396626,,,,,,,,,,,,,,,,,,,,,,,,,,,,,,,,,,,,,,,,,,,,,,,,,,,,,,,,,,,,,,,,,,,,,,,,,,,,,,,,,,,,,,,,,,,,,,,,,,,,,,,,,,,,,,,,,,,,,,,,,,,,,,,,,,,,,,
6.667965150872115,1.0940404672590018,1.9679484103572702,3.4415532336512173,8.49550567916045,4.914585922401576,4.995796189144846,4.080335034578488,10.906439570837026,10.345797149355302,15.75989013836676,1.148535571834514,6.158057165637572,5.290575035610895,2.291498828869283,2.781744910526607,6.193853180613888,6.67803014529765,5.276085151099328,5.214865537012549,10.654017694217732,6.0141517188463345,3.214817157553527,0.15977813,0.030911693,0.014559465,0.006363007,0.012479834,0.0058095115,0.013144998,0.028996635,0.027246282,0.0109247295,0.042545818,0.023511056,0.019098718,0.015832834,0.011303606,0.027568381,0.01777191,0.015086455,0.0126132,0.024614524,0.011153633,0.01263303,0.02466522050476254,2850.0,4.636746793306739,6.901264469623427,0.023919243535101442,0.38680225178025013,0.27593883058803625,0.22891750046194756,0.2285153247543613,0.38934345833524353,0.2433081707541111,0.6807546960339736,0.4681960565597961,0.33392639059207074,0.4835407228459072,0.30546746916267403,0.37610855770451723,0.21206041471951284,0.33448504009931845,0.30073439862070905,1.0267468969240692,0.32777351517888625,0.49017464218941736,0.3609132454396519,0.4134011806784563,0.37781078780402,0.40902554493977716,True,False,True,True,False,False,True,False,0.010186503,0.011351917,0.013906069,0.10385203,0.007456445,0.010562117,0.01667504,0.012280844,0.016361762,0.07221334,0.015785461,0.0019405776,,0.16348043,,,,,,,,,,,,,,,,,,,,,,,,,,,,,,,,,,,,,,,,,,,,,,,,,,,,,,,,,,,,,,,,,,,,,,,,,,,,,,,,,,,,,,,,,,,,,,,,,,,,,,,,,,,,,,,,,,,,,,,,,,,,,,,,,,,,,,
4.703904446129582,4.71874151956071,3.3434406964154375,6.56278406871707,6.1416639253268395,4.212394595831027,2.442454256818557,12.782634838667308,3.9411007006674077,3.13588642057371,2.0850615095585043,3.9136808223999595,10.566133566611533,4.958044358461967,1.449730171485631,1.415545048186196,2.147074825087239,1.940576939559525,3.7113955826363023,2.6089420730842776,2.408342014516297,8.931572769963108,3.861493653472197,,,,,,,0.022583824,0.014453982,0.014403781,0.012381769,0.01999149,0.017607823,0.0106468005,0.016546872,0.011613867,0.012113044,0.011707479,0.008595018,0.006167504,0.017991254,0.009681216,0.009207167,0.031152215201326078,3200.0,5.0164366777277145,3.827080991145085,0.013870508160587961,0.3495951024534378,0.3312590580340959,0.1817627295722675,0.25821334861885364,0.3239795821594223,0.1016511386440248,0.7416708635266674,0.34596521476677317,0.10850680664956038,0.27527669554193357,0.381503243829312,1.006251361379178,0.28626546565381666,0.17823692467615088,0.05329374825859895,0.28487696426692766,0.1921583768368627,0.10280944215742628,0.1402031876350752,0.06507841672672557,0.15278570262021393,0.24187854263089523,True,False,True,False,False,True,True,False,0.010004796,0.01338592,0.014991793,0.033636358,0.009899402,0.010842619,0.010892373,0.0059019616,0.008632299,0.042764585,0.006044292,0.008042316,,0.054095764,0.5551726,,,,,,,,,,,,,,,,,,,,,,,,,,,,,,,,,,,,,,,,,,,,,,,,,,,,,,,,,,,,,,,,,,,,,,,,,,,,,,,,,,,,,,,,,,,,,,,,,,,,,,,,,,,,,,,,,,,,,,,,,,,,,,,,,,,,,
5.788385292148261,7.60996759269306,7.025540826981067,3.2187780312428877,4.419993550948568,7.1512847539742905,10.812029481976648,13.060324331879244,8.746681370950856,8.983608769788683,7.058783102834494,2.489757531804421,12.958741162585284,3.356394711468419,3.125778429900797,5.413148960409464,4.976220597374241,4.892034042803257,4.990254829355308,2.077415034236129,3.4686794673463295,11.39678220933816,6.9219586646560085,0.11695518,0.061789,0.060611647,0.04445502,0.062504604,0.053953268,,,,,,,,,,,,,,,,,0.01,2000.0,6.331772360876183,6.773151044082692,0.005743257915084967,0.19277618866787793,0.5570220448131022,0.10370412007038587,0.14547570067644872,0.17255095564497513,0.23652379953211342,0.24128178835579883,0.12839508566592883,0.06671250636386776,0.2700080552649961,0.08097365762293927,0.12045479413349687,0.2960731973146564,0.21128137502953373,0.23283011432228856,0.3870104597562081,0.05428251276161998,0.09791060896315221,0.06719330355841976,0.06322718359392213,0.04611453607122927,0.046491342029479216,True,False,False,True,False,True,True,False,,,,,,,,,,,,,,0.11090364,0.48882762,,,,,,,,,,,,,,,,,,,,,,,,,,,,,,,,,,,,,,,,,,,,,,,,,,,,,,,,,,,,,,,,,,,,,,,,,,,,,,,,,,,,,,,,,,,,,,,,,,,,,,,,,,,,,,,,,,,,,,,,,,,,,,,,,,,,,
4.6738753870771355,5.0249508719704545,4.090326001297195,6.030569550181911,6.613629569561004,3.913635975630283,3.3964653602258905,13.155471844835706,3.2223758718076057,3.1502145303525313,1.907423296669057,3.8621712464213083,10.236227728116571,4.940755114996277,1.555841622518569,1.442687330571143,3.4196864544189074,1.93178563537966,3.9570990043051895,2.6618699356800186,2.33122326809139,8.98729923756365,4.152312918081277,0.05456414,0.00987801,0.01409472,0.005760513,0.006356732,0.011899642,0.01967271,0.018373096,0.015993226,0.011337273,0.018982725,0.016270526,0.009713477,0.014406231,0.0106622055,0.010358529,0.011057219,0.009359467,0.005229221,0.015571877,0.009586814,0.007714522,0.0206239229202618,3450.0,5.009219206689358,4.080237372281151,0.01911503507153192,0.4475738992051704,0.15652675617764958,0.26168552911419857,0.2848297475663099,0.3003972071072071,0.21959196808318315,0.2706083158105877,0.5660690441862183,0.41072246525215267,0.14618402726897622,0.3887019780616578,0.15416701477661277,0.2574925010921847,0.2841957786936742,0.09816597195599762,0.2214895537037173,0.08614494289803618,0.09232012231840499,0.16005348199733951,0.22111785010346435,0.06863317717714375,0.17222317017768293,True,False,True,True,False,True,True,False,0.009616983,0.011155961,0.012725574,0.032735873,0.009213905,0.009157546,0.00978544,0.004744119,0.007037246,0.0432922,0.006294078,0.008728568,,0.0646825,0.46398717,,,,,,,,,,,,,,,,,,,,,,,,,,,,,,,,,,,,,,,,,,,,,,,,,,,,,,,,,,,,,,,,,,,,,,,,,,,,,,,,,,,,,,,,,,,,,,,,,,,,,,,,,,,,,,,,,,,,,,,,,,,,,,,,,,,,,
6.655854424555772,1.3129038463373301,1.7478505323747275,2.5872842538251124,8.042905733995417,4.383214984840942,3.703872033655814,4.070872928986598,12.011460019309359,9.82715376807667,15.15631631084015,0.686293515938408,5.731738303861241,8.234027916105253,3.1107546866741003,1.749296307371207,4.321613589007434,5.742314261419639,4.20926456289948,5.011241760081835,10.651551582580826,6.2559913570990755,3.3733531079988297,,,,,,,0.02351195,0.035862952,0.028153667,0.009530889,0.054704838,0.029157091,0.031244326,0.022446273,0.01268178,0.031311482,0.024029393,0.017626118,0.01650147,0.03099384,0.013117559,0.014338176,0.015928211117343098,4000.0,4.532781354552916,6.550970951199761,0.00658122130520342,0.28596175145723496,0.14740850492496485,0.2794271003463634,0.2065963967526848,0.11158455311096883,0.06565360941742378,0.6904260035022125,0.09021274663557224,0.2442602461204219,0.19590554713052633,0.17385264608675793,0.4047938533882498,0.07401704885399311,0.15771593996688407,0.08644819377412537,0.3522167847008399,0.11943095350760065,0.17245486509949068,0.26410572424202805,0.21098775196614525,0.33918559059222086,0.3612427869731879,True,False,True,False,False,False,False,True,0.01318417,0.012474796,0.022822114,0.12847427,0.010125001,0.015275389,0.019577563,0.019194609,0.03157093,0.09784095,0.016977523,0.0019552275,,,,0.21531563,,,,,,,,,,,,,,,,,,,,,,,,,,,,,,,,,,,,,,,,,,,,,,,,,,,,,,,,,,,,,,,,,,,,,,,,,,,,,,,,,,,,,,,,,,,,,,,,,,,,,,,,,,,,,,,,,,,,,,,,,,,,,,,,,,,,
11.520846199597475,4.810259601493937,6.445554955404278,8.162256077901771,5.237594846276593,6.358349874019856,6.884971289271749,8.172529889973896,7.398801883889055,7.869027413336022,21.47319530064433,6.050589362626852,6.008437457243671,6.307692646340901,7.835475032034745,11.169153119019839,13.341872347088351,15.037507214296147,12.302338554641723,5.5227972020982685,12.500293912855078,10.311272813511707,5.46920976153133,0.27250257,0.117742956,0.10052939,0.09630088,0.07597534,0.08152412,,,,,,,,,,,,,,,,,0.01000001050554163,2000.0,8.161039564965382,9.53615866735281,0.006597201901433471,0.2992999042833962,0.15658853834701345,0.3560400510191717,0.2178809463148764,0.2574707358124755,0.18625105103602327,0.10302044401403218,0.2655903212910026,0.13420244300341555,0.3255897306242096,0.19677332703216016,0.33627222217276637,0.2658028030037009,0.3697508737729784,0.10211320071178168,0.09824822583574082,0.28036412382328463,0.2255930415057341,0.0680096948443886,0.07728066211851435,0.060237720284795244,0.18459209775763596,True,False,False,True,False,False,False,True,,,,,,,,,,,,,,,,0.25542477,,,,,,,,,,,,,,,,,,,,,,,,,,,,,,,,,,,,,,,,,,,,,,,,,,,,,,,,,,,,,,,,,,,,,,,,,,,,,,,,,,,,,,,,,,,,,,,,,,,,,,,,,,,,,,,,,,,,,,,,,,,,,,,,,,,,
6.59512490738355,1.2910637399175433,1.5216534983133438,2.876234415788114,9.215980205567162,3.6621329096716115,3.3823676217985055,4.384664693634582,12.0470014464839,10.391992818844878,15.092459034052135,1.456464373967212,5.044012929239905,8.396586320786296,2.422589250802732,1.9628819559006647,4.97895369409886,5.832697253824976,4.670791351189725,5.829441173536855,10.167660755015708,6.618992104723849,3.4492424946820073,0.15604581,0.018577497,0.015780885,0.0077205626,0.023807535,0.009170158,0.014874555,0.030673552,0.02307543,0.0073050163,0.045155667,0.028578937,0.021879088,0.016102148,0.010673118,0.022611743,0.017610312,0.013710561,0.010557408,0.025721852,0.011288869,0.011359786,0.030092827006130723,3100.0,4.7911956145996895,6.544792025567634,0.03439069496947434,0.35515863111549245,0.42828058148659803,0.07674476156770786,0.6413251158713887,0.8505534667947281,0.4084311672439613,1.1010686662678517,0.30621753297631626,0.5102363897663578,0.6411426032498789,0.538582173934283,0.4047920749023989,0.20569977459231534,0.44824500279618645,0.2425079745017349,0.16383964895036426,0.38577399293504805,0.3756191948448467,0.29993294790900843,0.16092196484680674,0.2142729093835534,0.3668200450085895,True,False,True,True,False,False,False,True,0.011541781,0.009980264,0.014434813,0.09297139,0.006574201,0.011823855,0.0147984745,0.014640202,0.020025041,0.075798675,0.012541977,0.0011962346,,,,0.1713926,,,,,,,,,,,,,,,,,,,,,,,,,,,,,,,,,,,,,,,,,,,,,,,,,,,,,,,,,,,,,,,,,,,,,,,,,,,,,,,,,,,,,,,,,,,,,,,,,,,,,,,,,,,,,,,,,,,,,,,,,,,,,,,,,,,,
8.979983097648715,,,,,,,,,,,,,,,,,,,,,,,0.07788269,0.037282947,0.016350463,0.014440467,0.07140516,0.0064813113,0.025489444,0.08006417,0.028526697,0.053889114,0.03680187,0.047119718,0.03202992,0.027132872,0.015769094,0.1764445,0.03571694,0.05520724,0.049970873,0.046787344,0.014505806,0.05070135,0.04356457578477866,2900.0,9.875274949346327,10.57106205999084,0.05273402764931354,,,,,,,,,,,,,,,,,,,,,,,False,True,False,False,False,False,False,False,,,,,,,,,,,,,,,,,9.083794226195618,12.383885263761588,7.167014078648902,15.237695970060946,12.212014988397161,6.486647434780375,5.888094281871042,4.404593134521344,8.685289689780115,7.986193685923794,9.405996749710066,6.384384287884187,12.256459850415728,9.018047083025234,9.975565856206961,10.881279965806524,15.2943646000846,11.721676071425918,7.776632234663829,9.521775265476936,7.64239288864419,10.61017104981994,9.519340662759584,3.7666988615699095,8.34756962691533,8.71377564604558,28.681658284753876,24.660405105705134,14.81430534023832,14.970138561198942,8.755700798299266,14.699078387808242,4.347145123771776,1.400997957978272,0.9389682568116472,0.8704896838987116,10.851985366070659,10.023714292646568,20.02192676666145,9.527904530871881,8.902023909876338,10.069570243519646,9.323363048391005,10.665319063273552,10.154167186930481,16.388358411570394,1.9060050171676512,3.4073308866542953,5.34788116715829,13.81938080940213,9.838285732609148,10.26543281168259,8.422641023267825,24.071741917163937,13.63523127950432,14.628511220533174,6.503666766296199,8.861521471332024,19.87614938192612,16.34882061012292,6.2400560945950305,19.980807899048934,6.3553535682073985,4.622293608759623,7.713029481598826,2.4464067864244647,0.1631955012111893,0.393632146939777,0.22140929524153682,0.27465540784482084,0.3692633855585959,0.27526624281106987,0.3024984954077992,0.33520483441823407,0.28054007408769255,0.38504486955935135,0.06603482521586573,0.4946611088801662,0.27435840021977115,0.1256722847352239,0.6571748266357225,0.3441634027236015,0.37462223075087914,0.3510252641846041,0.10266561978032278,0.3151212208439794,0.12675902822844629,0.21141700963304025,0.2652118452826875,0.33154411384395704,0.1572035406491469,0.10374574874223076,0.4426097497646049,0.4760591615997515,0.22565446886953175,0.4049132672962745,0.2795448533372148,0.24615957819576917,0.632490373705007,0.49127823315598396,0.12878033939393152,0.4166650048329916,0.2552710286305951,0.15756219538093755,0.5192879573413792,0.37306463879807644,0.26325669339153984,0.13913715767357498,0.3191462019903149,0.11459458305400141,0.23500135358757615,0.2631555321329496,0.4954638770703445,0.2499382357232009,0.19841052175742613,0.5554995809907759,0.17053592834750522,0.4103854920124303,0.1398093252405233,0.24105436602122746,0.28407751880878124,0.3116569213490963,0.5380315807329128,0.5582461149373301,0.2549073742274777,0.10673798705705961,1.0422707803275495,1.0500816090940264,0.581981494740449,0.9219089518388849,0.8092719749555599,0.7906025955707323
4.394671758228517,,,,,,,,,,,,,,,,,,,,,,,0.008800483,0.03637228,0.023901531,0.004164382,0.006230769,0.008204604,0.009076591,0.015606018,0.003048304,0.033855557,0.009753832,0.0045508547,0.006769508,0.024238132,0.013607258,0.026865467,0.008786398,0.025572497,0.033906244,0.018681843,0.0016873851,0.009415233,0.04952000367202274,2750.0,5.535689729517491,6.025382149996711,0.04570359149610192,,,,,,,,,,,,,,,,,,,,,,,False,False,True,True,True,True,True,True,0.020128455,0.0069710216,0.004704895,0.09418998,0.009193952,0.017208468,0.02977575,0.010660928,0.0077709444,0.01581906,0.003431168,0.051728796,0.06115374,0.0211543,0.2500303,0.06298309,5.254374190284637,4.270513070955586,4.204402167616261,7.318493972703824,4.1512304525769075,3.1262424473609594,0.6729210491731217,1.2370087847963358,5.892936588367771,3.983726936784694,7.918160316797301,4.279560306469334,8.36754179387333,6.6875384330314915,4.45982131881138,5.072882102023695,11.631619437467737,8.047703463962193,2.917899842399856,5.749563501811133,2.3346629238581533,2.0708194253650722,2.059787707751518,5.03633027217508,3.83104510140765,3.4382376618316544,17.180990368381003,14.389090531199006,6.458261761121236,4.512358890799498,2.6504473135619593,6.761080408258303,0.893427550782121,3.0517634884814893,1.4796948263305794,6.284225360905771,5.847136931642249,6.246308052581436,16.54616221238959,10.987801612776739,9.299184724708393,7.8959119047023805,5.575561252039855,4.125979243159078,6.848815765661678,5.350193206605318,1.7941625246071822,2.5004545507356477,4.13630789289012,4.615692114991902,8.436235035962438,8.593440840328977,2.8645188326101794,13.855844536490867,7.923810803183324,2.83264103773757,4.525119896081643,2.7916950543571577,6.073937665780586,7.298895340533361,0.3113509742465464,18.037855200985966,5.906745523010633,2.761848406248784,4.229486328700263,5.62591078874114,0.18441017718625177,0.17567192630474196,0.20050048692022182,0.3477756362433949,0.16079608052697392,0.14696218428708563,0.22069419418754152,0.24885682153137054,0.14082183969787418,0.07703604349766037,0.11846165356750807,0.1378805078960827,0.18040408777862463,0.12783960203949238,0.1470845455661671,0.23904366350911838,0.16188465799993193,0.30055139021991717,0.0987309432850332,0.16063398438685517,0.09285527872044184,0.2456481453231488,0.24288071899580693,0.17153807995416517,0.09189164329713863,0.08807715005669085,0.41401627354805004,0.3051688722643828,0.1638958275189648,0.22304527468239183,0.10985904794407952,0.1854984698314955,0.19813487383110998,0.18841004173602094,0.12623326966369794,0.4151594961359222,0.29956006374096433,0.25155853790164107,0.2078020845662443,0.6631884097077301,0.303814728802816,0.40461253556251914,0.0961280443005619,0.2787706777770712,0.4937020370545702,0.5230727949972941,0.22163095257117926,0.24912141849630975,0.23878850848044608,0.6379322908638398,0.12831607068171438,0.13530266832687152,0.20667263783036263,0.40994867582548766,0.3005524929376422,0.48078957337914446,0.18396434843371712,0.14122056685398796,0.34341734708156585,0.2265530801958479,0.09609394474336798,0.28076997402034193,0.15064116018788531,0.3031317461618682,0.5567014212547229,0.1856968670431364
7.510372339038445,,,,,,,,,,,,,,,,,,,,,,,,,,,,,0.027703071,0.01075419,0.0071938606,0.03224404,0.017513651,0.032610368,0.051336236,0.02661395,0.013310474,0.043475877,0.010530565,0.1726297,0.011184481,0.024864858,0.005328167,0.006074068,0.037130467202332214,2600.0,9.322685095047401,9.654870334198534,0.08816102361044371,,,,,,,,,,,,,,,,,,,,,,,False,False,True,False,False,False,False,False,0.0816414,0.009398513,0.01655354,0.14027813,0.0658764,0.024943536,0.033222225,0.042200733,0.037729505,0.03757598,0.012973757,0.0042387913,,,,,5.971734127080213,9.236525797791483,7.880311279407033,14.964781700682408,10.451367007588765,8.764426965122135,5.542697301033347,3.6030995145701192,7.610400640681261,6.613496343153831,9.56208079800597,5.070757743437297,13.889589930757637,8.6539207462939,10.816080358419574,7.362712196473147,17.009604927516527,10.746316434694226,4.467739165390627,5.557967579276236,4.381870828764551,7.698786611011558,6.251684404619924,9.830188973774812,5.040417090405536,6.428786944058014,33.02937805418419,27.382013935456275,13.35819212097434,12.95960511193816,6.74990302468844,8.885502449583697,4.008749050015976,7.973752551892419,1.2315979100689836,1.5429626467730495,12.577253174956219,11.740109988391984,22.786498161739786,12.497632911207472,9.813643518566124,1.057947455776731,6.938124723055333,9.25015636429535,11.307597406108188,17.8472095640795,3.0039442450765126,3.914632622410962,4.544049965643446,5.4400735046407025,9.660404011068284,8.827475360126645,5.326635320103675,18.0427830606613,9.428194688634495,12.650835485186372,7.062110767147082,3.2687931245486306,21.61638973882498,18.112338744839146,2.614938188688796,18.860633947082956,8.034857169069728,11.77500753205497,5.680569038278667,2.049487117266102,0.25804940685036426,0.18926907796267975,0.35437678720046134,0.19526282515190974,0.12286416943565014,0.27520864646707427,0.5224435936403637,0.6635028511399402,0.1166474528799879,0.31999697409874167,0.31534450927164015,0.28680972563825147,0.05367417743388548,0.152691640286928,0.4335830294250182,0.39639803542286617,0.12794008400084497,0.17569435064699473,0.24753473422920197,0.22755549433376715,0.42007765701883976,0.3156914887756845,0.1775281350581116,0.4652199655111387,0.06555886205035559,0.07509186306130372,0.12942465144589665,0.13620640096215075,0.09839837019238072,0.18410442840132019,0.31763590133604863,0.8636486275949056,0.3565647973400087,1.4971558414769461,0.1461492307229295,0.3488390052158679,0.1654268202119293,0.13975323266862014,0.3609761983727545,0.23625142112533967,0.04795120126422487,0.35252370760161755,0.16410391497223986,0.17631375789986653,0.568371833776493,0.21829183865667187,0.3184637464466943,0.6441340299598716,0.19567975379985592,0.651044561172107,0.09036326473022512,0.10597286821077179,0.12798581665375955,0.6328851630250535,0.8198994318799004,0.27880573709645573,0.32777243662509153,0.20586047534566784,0.2514005956822037,0.594959132270552,0.47392964516582814,0.7744889085679624,0.5248353575750473,0.5647088658450528,0.12642644683304513,0.2266849241318931
10.217883540606927,,,,,,,,,,,,,,,,,,,,,,,0.06471288,0.15096314,0.117427886,0.33452904,0.1934205,0.13894656,,,,,,,,,,,,,,,,,0.07266469576401233,2550.0,15.803498651400787,15.67683333721699,0.008721019928525042,,,,,,,,,,,,,,,,,,,,,,,False,False,False,True,False,False,False,False,,,,,,,,,,,,,,,,,10.968246216795833,12.154097501134322,10.067789745812721,17.865071729233073,26.01167859415036,21.642150289132395,10.421502691710508,5.579724366171232,8.159429933417977,8.449403724218678,9.041435208538621,10.47196491709405,17.07792163070647,11.515454703456033,16.623902582892264,13.397720691622723,17.1829147364031,14.532600372953414,19.950506849098424,19.022594796738865,16.22687225390781,18.37963523071137,12.357276341747284,8.250547579467167,9.32700915850288,10.739078132867508,34.565094188308116,28.83648103443631,34.023361408433075,31.93068059893124,12.225392048340364,14.28352492480405,5.490471122258863,5.83408751487732,23.912933816088263,23.659987820251356,17.093865518252283,13.79826138377434,25.947338738917303,14.710660957999881,16.337879153145526,9.448049207951623,11.64884981227306,12.583416226421809,16.011494010499458,20.188894821673994,10.272884336600619,11.778770544185889,29.970140889432184,32.72510110857128,11.619496042812976,10.262945656734527,6.303863744149434,25.736816676151108,18.62967120228355,18.337102341456077,11.396290204708603,11.590477285872549,23.637192800170755,17.79818387889113,7.602466706261184,26.454227912040732,5.1204066363153755,3.65081754082629,16.289877173290726,11.726968657508316,0.7739143756903298,0.6131311275025362,3.4351873064363083,2.5105646918751185,11.054120117117828,10.449373237155605,4.264108158083189,3.1449065655550394,0.0233635540960156,0.02299184330706177,0.6243915528834442,0.8567410129079832,2.8375151948845327,1.0214429525884385,3.5672822395091703,2.731713471311597,2.669714067585008,2.3370148320349395,9.643582906495629,8.964544020717977,8.742187658493618,7.164247738215656,4.727841045715153,3.976208984691219,1.1432201477046526,0.9197900643775336,4.396543980560864,4.261971352450529,16.435034934481596,15.935164033561627,2.785276273490449,2.1190370296147254,4.075791400879661,3.2410604746391027,13.239122830973146,12.646612673530123,1.4282428645542935,1.4590546349470255,1.9652545509832637,1.6629063239021256,0.4476318071494194,0.03316530536180143,1.766147325869004,1.3599720287524377,4.763004463778983,3.546444416995834,7.522650667429273,8.504496019603755,11.811286256002985,11.225361386674352,0.3125077352236297,0.3211472090425003,1.5525171021235196,1.3710338510432631,3.2897957632602495,3.088903629669881,0.4631410184843861,0.6452386146387796,1.7252672657517316,1.5929815329990065,4.228896205220313,4.181521853200727,1.0084086965702064,0.8099353876950288,4.188280737191903,3.7847392502516892
7.403425657497664,,,,,,,,,,,,,,,,,,,,,,,0.08740387,0.04201711,0.016681049,0.0043013436,0.020272546,0.019956771,0.0304179,0.01001992,0.006706516,0.029139062,0.010279204,0.030215213,0.044747107,0.020158134,0.013806827,0.031030145,0.006716281,0.1515607,0.005433536,0.012318941,0.0067799697,0.005487166,0.027825421677907324,3250.0,9.055858147270838,9.600159393347893,0.040854491789044226,,,,,,,,,,,,,,,,,,,,,,,False,False,True,True,False,False,False,False,0.032011997,0.011502164,0.011987336,0.12447786,0.06358257,0.008556979,0.020203335,0.03795356,0.028375456,0.037234385,0.011395784,0.007269324,,,,,6.782703898699003,9.097105282705531,7.662830412956836,15.858796409710909,10.793123830237219,8.912497747112928,8.08202951726097,3.419819734906892,7.895757110470993,7.270777333057145,8.991741854531936,4.8983586989382815,12.903306372334004,8.946098312676591,9.700496292597947,7.351935103367481,17.127670294899286,11.131513542923884,5.002944472766045,5.380895906737682,4.285278518759672,7.32263750298255,7.022007721672585,9.934650614391241,4.780698602619742,6.526123185097971,30.437479778864418,26.204202963088836,14.053205406471312,13.534466380905354,6.74553408098667,8.592052214975126,4.157178821330502,7.884069778223707,1.3380906589903776,1.6200838037944725,11.777826638864802,10.471732861191057,20.11021187366462,12.050425761573102,9.534849354003091,1.4906341336992606,7.575776655601405,9.702449049293767,11.224076448291523,18.34853476976897,1.2524696346543174,4.724901957370621,4.713304464719037,5.176193842341332,9.556666617667537,9.45580199840359,5.018991549230585,17.491957180939853,9.854629878897976,11.394737821417738,6.036069759483492,3.0471995576124016,19.87698828144433,16.865035203972678,0.6665841667028395,18.60021300184339,7.652029001966641,11.717859581136235,6.230766888296002,2.3814987443199036,0.19982002874790322,0.10998850171895053,0.26324574660320976,0.12296041032039272,0.1415129058959261,0.19808300786037453,0.3015319531448659,0.7304061594877608,0.18249863818530898,0.20540856854450124,0.15599999678962598,0.45038516190363387,0.06166750961977745,0.09726943757880405,0.25415243671828014,0.4533137600581298,0.14792450762524118,0.6903902560880543,0.10810965863529944,0.29312087353217375,0.26059668273001574,0.2879396129932268,0.2220082971147566,0.7874591749044527,0.08391083710435573,0.07465132477647445,0.15529041774614158,0.3995253607880458,0.1755808478718047,0.0988180374286094,0.45277975416492633,0.2860851181428899,0.12018234389077406,0.5069037669574963,0.1977024617440498,0.634693488307622,0.15792278347857594,0.19725968618466622,0.1289507248082416,0.1597768183922808,0.1830165630615915,0.08168557356376248,0.1044202685484301,0.27253539031529356,0.32727760271237044,0.26531349307303037,0.20973429068274008,0.2985238954564984,0.2056670609781668,0.6071274728449458,0.020284197836977963,0.22374294231105285,0.0691032761901863,0.6491829176241734,0.3677113149431697,0.37672079160141714,0.1788032764514692,0.16420665975748516,0.12326919427740654,0.1945059943034403,0.3084166227012003,0.7289765873139316,0.23971112764798622,0.6815248772891865,0.44812366205997156,0.20448623186966255
6.645167520480356,,,,,,,,,,,,,,,,,,,,,,,,,,,,,0.022679836,0.0145216305,0.004384188,0.046562605,0.00775011,0.01476779,0.027757253,0.01360395,0.025668154,0.05681131,0.0108259525,0.104468964,0.013253093,0.022183437,0.0065418794,0.007930027,0.03156176881720839,3100.0,8.436130402459812,7.350886669540918,0.05355136833705281,,,,,,,,,,,,,,,,,,,,,,,False,False,True,False,True,False,False,False,0.028705189,0.011737717,0.011774667,0.082747854,0.031461857,0.012387651,0.047680963,0.016046893,0.08569895,0.017278733,0.03585065,0.028522592,0.1903961,,,,5.834163286479951,6.387637423459944,6.018622425628547,9.777655623739403,10.149230278684975,6.086437678037328,2.8748236638869504,1.461369899569116,6.139869083581058,6.284875143500704,9.440928643832322,5.881601630293735,13.405452143135658,7.321384424883648,10.553003699366432,7.101440183558647,12.60793698307348,3.9147527559764965,4.128480331345453,5.107754988265001,3.9675722515311067,4.402945363381388,4.5914966860707676,3.141275182484784,5.187655972791936,5.1133844908952675,29.655142327528846,24.07561200652608,11.483654208560184,10.307697400045244,5.200686597663214,4.961862295619621,4.7493250035105214,4.496789249704394,1.0675428543593415,2.80302270730025,11.743051428324216,11.402118156512453,19.58803577759551,7.72367450455167,10.155231003573437,5.914446206417779,6.101024499631669,8.636991017129413,9.040709895351982,14.061836193165373,1.231740381584592,4.522234350784528,5.450250979808675,6.374869481457744,9.158433177288227,9.124066526742993,4.009828929291053,13.050288585651998,9.51672888574248,10.563492048571964,7.19786835785141,2.501016469087338,18.682783559645586,13.148342705072242,3.502018073915937,9.523660277590718,7.668229072756608,4.060562490629786,8.29078281778161,3.344162634243227,0.0816885494345769,0.3092592218986891,0.18661835062519722,0.3895288466758019,0.07800392208848944,0.22309880741142835,0.23059013816870486,0.09954854435748875,0.21464803940047472,0.15982801304011618,0.07538109086394629,0.2567726825050877,0.13260082799566184,0.10210146260573355,0.13278248549199628,0.21710370231731627,0.1275878054120835,0.109550654786622,0.17690805779232688,0.2887340985174453,0.12058033639950227,0.3451148158652322,0.10307641702224987,0.20373327938169394,0.08811630428616657,0.04509618422732688,0.09550607747611538,0.18925304327145195,0.08438442973737141,0.11195808576264306,0.06844342201464677,0.18950564399915146,0.21768458610063063,0.22876578601982242,0.08844724153964623,0.26926723541778963,0.154472496376415,0.0555108961557128,0.7891575020688962,0.3885771373300139,0.09738962536188088,0.9377368471693708,0.14921839246181137,0.15896917490298804,0.14113309833122756,0.3678418274426559,0.1422370761526274,0.0592305904292319,0.3133214049059891,0.3735062719762219,0.15816340786829935,0.0985373896383144,0.16408215720659658,0.17853505811182907,0.31671028418386843,0.2966582738572628,0.09995721559966005,0.1960491698098024,0.13906347925763513,0.30916682618257607,0.1281602324725631,0.7389020932522337,0.10291088724128011,0.5403123350319676,0.4153443992121707,0.529525232893317
8.75910858824309,,,,,,,,,,,,,,,,,,,,,,,0.12450187,0.085934944,0.09741857,0.10475415,0.10602339,0.11773074,,,,,,,,,,,,,,,,,0.01,2000.0,8.70238703278175,8.095922112026297,0.03724828789566964,,,,,,,,,,,,,,,,,,,,,,,False,False,False,True,True,False,False,False,,,,,,,,,,,,,0.3636363,,,,5.990121474229712,8.3613546943112,4.782904010516139,9.919800636506595,13.812360759427992,8.078193272532818,5.094102970679584,5.533699769719935,6.42232229605778,7.569508239315394,9.650858487299686,7.21715861304579,12.677822107425628,6.099564172127676,12.508503465961823,9.06652685814991,9.53361634163733,3.9066901445855797,4.276937890786053,5.049029760970045,5.097102654743569,6.737607349655997,9.307341344155477,4.957049498917588,4.800045244814476,3.9368852370477114,27.224559330359966,21.19693736318603,14.085133650063645,11.958625288221953,6.618462833848559,4.855952034534518,6.0521595839231574,0.9205467840012499,7.385936314830088,6.109950299874283,13.999960579244675,10.979870169148954,11.241229191139364,4.344913833307902,14.794963973805576,8.356019246379205,6.25145660118079,7.346295870724626,5.35270490651071,9.590507564623483,2.5926572996496926,5.284788299582174,7.8022014448961645,8.028791846931895,5.851424314171254,8.871681857138459,3.773982125912852,16.882954870742537,9.696819295326524,8.660258724111134,5.113306020832444,5.6864212635639175,16.45305410816024,13.037687445806108,0.7880520648673739,15.88200299337179,5.518036100350735,4.75700318640273,12.628633294988756,7.981152508328566,0.14640055515905206,0.09252374520729162,0.05311284661704651,0.12929466728746755,0.11740737971584234,0.16734393818132767,0.045080517008358016,0.09782735685836783,0.016598129930134126,0.0351488175535107,0.05296252347339901,0.070514474439993,0.10635912832028672,0.13353616785619588,0.15103187278928618,0.04790785640985672,0.05435091319281546,0.14185833417298888,0.1632081838351562,0.08712691070048569,0.13804300146645346,0.1014015548191427,0.10438285971490487,0.12631420027867124,0.04092430077914535,0.029469250107965885,0.195421691605181,0.22474672802699713,0.1184183092605802,0.12046581521001137,0.08526888641391141,0.12465056000375381,0.17464879543247444,0.12922021893259214,0.2404546238033917,0.20800324163847853,0.10475561933985288,0.07943019400838075,0.4801862566358701,0.08046594772371095,0.12533156523569994,0.07428776527171685,0.07093882941766388,0.17119772861654428,0.14890174860714891,0.2757148845130001,0.3246639133064559,0.17370044195879045,0.3283903911274107,0.27461068820328277,0.03322872611677569,0.05253841596067874,0.09963725957228328,0.2603399945963572,0.24972351019526992,0.30203412417973907,0.1339195471944019,0.21208783529994124,0.08402025185328053,0.11708612240709801,0.21699228613982438,0.45935501064558093,0.08366866697928493,0.14125655583758365,0.12408739454208527,0.14096628127829877
6.602245708294449,,,,,,,,,,,,,,,,,,,,,,,0.055173207,0.032194532,0.0066585755,0.004052275,0.0075849975,0.007488575,0.022948181,0.0148150595,0.008137911,0.034190178,0.008663117,0.015428273,0.0325218,0.0072376938,0.027271086,0.050364185,0.012765798,0.08425285,0.010782994,0.017532276,0.005575373,0.005889214,0.05238545007276043,2500.0,8.441677306789346,7.485814566827111,0.05245184894415206,,,,,,,,,,,,,,,,,,,,,,,False,False,True,True,True,False,False,False,0.014629863,0.005148843,0.0078050373,0.065462135,0.038372815,0.009790767,0.044520106,0.019567048,0.072566256,0.015165269,0.04028982,0.0217274,0.17342651,,,,6.040386378359231,6.53275260901673,6.011293585803687,10.39819395286808,10.269023193226424,6.013565330964242,4.4573979381374444,2.0622727123531632,6.163823692461599,6.456350868118342,9.434970958797082,5.940312465667829,13.076065332854228,7.386827651589725,9.826107244732544,7.315084743432666,12.998718160893493,3.947559001985075,4.578640412448044,5.226338626695373,3.9555550699949755,4.40974257342547,5.146222050127397,3.163200646781678,4.945866418175766,5.397127385030449,29.330642586917993,24.103001088388623,11.857444273061656,10.447134945712559,5.443431511472843,5.308652724736308,4.653431967098443,4.357421003406883,1.069010273153634,2.67784376332724,11.474627786829984,10.717002072185426,18.807297898469482,8.39382246938306,9.938960520558698,6.864241390961949,6.159564657912783,8.722613222186908,9.224908745881018,14.454867952317818,1.2668714301766077,4.679103766753239,5.370439046913563,6.054092142368162,9.235749737197263,9.428349404873059,3.834988544689087,13.63641949280123,10.16887538542756,10.61942206805595,6.409460450966631,2.505659791678647,18.14454301948246,12.653732586211076,3.0963933839263036,9.77387609896718,7.537048082578792,3.7005646072525282,8.647591385321682,3.684731545798011,0.1914385849826829,0.20164900988595957,0.13906247363953453,0.27129190962526484,0.11246648064090953,0.32568381128559576,0.2979288398508194,0.1580945568468035,0.17313370419409743,0.15687831841070368,0.29515968822795036,0.2774621459538719,0.18867238915357912,0.10371980426153758,0.06724357633409192,0.23717197612659704,0.5828888305483089,0.48612822509125675,0.12144208616236515,0.2106021815822997,0.05341256646133614,0.19265929938458046,0.41373210814589323,0.5652811272533573,0.0994862221506468,0.15841177677140222,0.4234692811910808,0.31427096613029076,0.23587241635198816,0.24624982982356283,0.2811063396403318,0.14494371755223487,0.15833555934682678,0.7840950578009698,0.06224657503677118,0.29237067048123544,0.18241877282787244,0.20107864686699747,0.5276656912928429,0.20700286721343256,0.13126827445994152,0.28655583356545095,0.3068102223197227,0.2927324809854082,0.5954960057444606,0.43318766662367897,0.65474012195438,0.22269001789604845,0.36653340970911397,0.34051741707449695,0.1702647837269252,0.11289152916070332,0.22527927993029975,0.568008941928259,0.35656741299362205,0.6969274630138316,0.20034262493881252,0.21310763170903185,0.2479257350178554,0.583425669333025,0.4592404748433899,0.6660593450843442,0.30943874353003986,1.0140286416303097,0.16227325540836635,0.3765121344608193
4.616181401167902,,,,,,,,,,,,,,,,,,,,,,,,,,,,,0.024320621,0.015762445,0.0060270047,0.033061318,0.018205242,0.027400935,0.03611964,0.014087083,0.017630957,0.01912802,0.021178748,0.13315758,0.02107974,0.02777028,0.004217277,0.008126543,0.027882917437090315,2800.0,5.562294791622811,5.944396285811845,0.089177815537008,,,,,,,,,,,,,,,,,,,,,,,False,False,True,False,False,True,False,False,0.026952248,0.011655816,0.0070163063,0.13489996,0.018947652,0.02980108,0.02786402,0.0073381104,0.04222309,0.017770547,0.0061651617,0.013365301,,,0.2287273,,5.19437544575356,4.290001528549847,4.196270883621031,8.151201193007704,4.282099241010147,3.1228561859566772,0.873384175010079,1.6558960090462418,6.175944018292378,4.102666556219598,7.921209870596385,4.041821219571294,8.168193372715887,6.14986522948871,4.73647401112129,4.874955210174333,11.715378405252963,7.715865421368237,2.8822042690480236,6.069410938780486,2.518892446010784,2.315725911012293,2.1818094442255953,4.237202277378508,3.9999940888769148,3.644790249539505,17.56616834954715,14.550743507893165,6.40312494213584,4.518307851116637,2.8842144824382077,7.616549285652688,0.7585547710432511,4.57398451223434,1.3622270752489112,5.60896728714143,5.256009909538932,6.073163746968847,17.083504066864766,11.42387445120858,9.083029061154765,6.253318230173211,5.685670233533782,4.023203567323326,6.718754396137188,5.042717746305118,1.3756736043355924,2.216106286233667,3.3515920694859984,4.293100845408799,8.665031649466851,8.747584631549008,3.316819813696835,13.13189131802269,7.449252523554108,2.603719187029255,4.826321775545599,2.32738476946548,5.613682221376647,7.471064366952509,1.3315187596433975,16.616530542393928,6.103617606699286,3.8967864551922617,3.874731140570609,4.803820913432498,0.17388561060872995,0.11173066651289498,0.15203367724259562,0.223338433057007,0.12345905649214749,0.07124148279407627,0.14330385864956768,0.2270260776379968,0.0798483929457442,0.034873356355101,0.10672454020248918,0.14486719194997708,0.10161221239409501,0.20503392367821338,0.1187154836281184,0.1050811870769935,0.08104601365597239,0.25909419392978655,0.09772906000440887,0.14394718354761332,0.05793226507004739,0.18878119610151564,0.1583540037517401,0.40543617885201955,0.09108995264155316,0.07136834146728371,0.5958067081833083,0.3856290500698242,0.07997749426871259,0.31153718667631763,0.1051570584644768,0.10697778941978887,0.23583278265891233,0.9437221744377008,0.1702737468447159,0.2189812286602542,0.07778341706612131,0.26670477140298715,0.0522624847027986,0.6410703187824753,0.16509931645830964,0.7023837416288125,0.19662205346493458,0.2295865351987831,0.3041737629685961,0.43870712756259134,0.29389008452630005,0.16504114425554584,0.06043449140946519,0.3813615096812621,0.15264242240212575,0.09376249956090787,0.25941187228132645,0.14472247994821943,0.14053737926574536,0.25000283833758524,0.11931889100129564,0.2420146466687589,0.302876471667612,0.27347968058909566,0.14484274197299243,0.2640210566001734,0.15243723717964724,0.3317577958755873,0.11180716215354908,0.22206559579844937
6.418657134340893,,,,,,,,,,,,,,,,,,,,,,,0.1220878,0.07297364,0.092007495,0.07404264,0.07283236,0.1402938,,,,,,,,,,,,,,,,,0.010022773691768022,2000.0,6.578150478277168,7.115114176775535,0.009471710410541937,,,,,,,,,,,,,,,,,,,,,,,False,False,False,True,False,True,False,False,,,,,,,,,,,,,,,0.42576227,,6.098458274379345,5.261673691561116,4.993933623141482,7.4231175748644755,4.816337379350722,3.8722091459347703,1.8252952553308837,4.346714403480706,10.484041487644708,7.884079933458129,10.27812960860329,5.359834472777554,7.525892948209169,6.652624472237363,4.645059282579615,5.869178648283716,10.903059251603818,6.4232001084128285,5.975176165209292,7.719176805829643,3.5052222482669917,3.15236812610489,8.15501906118198,8.178995044198908,6.898386063305681,5.42332130371886,13.922914689967218,13.101436244395131,6.133566270505625,4.273976777722388,4.666322730900754,8.040136101827837,4.7830567989473165,6.593735365703099,0.4550770020384774,13.558058416158934,6.082084498866879,4.135562960761776,14.582931950958482,14.014467462314903,13.073020791776571,15.60753235578313,7.151538109121622,4.973901761182056,6.217217451142988,3.539370310637041,3.0873795533045234,2.499504764218244,3.0999437862135077,3.94068559862196,10.900759215696993,9.172978319951682,3.7789046212967876,14.3124779238608,11.523638745218136,5.605941622344184,3.7163027412175955,2.7192274585493585,6.593650604988817,4.39505371449499,2.4271405106338655,18.000474052837255,4.098761363209401,3.0081224307883216,4.680743698334026,5.739630460576578,0.06885003596582098,0.01982587166462266,0.07664992735014528,0.04543925943463767,0.024454576841428276,0.11733728189290508,0.16305801983931378,0.15755616613075465,0.03090149921791753,0.0294677438849358,0.05825416265541929,0.05258123377109966,0.028552695616092732,0.07106628554820771,0.02572634241753404,0.07278855916627132,0.018453941482833153,0.062343172882042115,0.06424176285127595,0.08577514704570174,0.08987314318618084,0.09378105956549253,0.14293855665616187,0.26639399418872906,0.08749929292373669,0.10957701676016496,0.13751696576080044,0.12193985754427958,0.12378066885266585,0.12269958191178013,0.07949909566409881,0.07015607338555802,0.11425465106532733,0.1905572935228623,0.26785723996771055,0.17990171833276888,0.04278707828702978,0.06586703378266075,0.08372280266374203,0.15046256397041502,0.2992620655626566,0.1011452064299182,0.08605892753249225,0.09530599583719412,0.04206827772880081,0.04703398415976622,0.09449782557786576,0.11757129189960755,0.17796491939243428,0.21787359920250365,0.03370020102046107,0.07760492722786488,0.07296437561249411,0.17789297071391655,0.042452001748979624,0.07194361207264632,0.10661219083524447,0.0471239843697559,0.041497579784834364,0.059169378080874316,0.11324915152011056,0.13720790007290795,0.05008362446867287,0.02843882824027572,0.09865367036824563,0.07027253806249703
4.693503429130798,,,,,,,,,,,,,,,,,,,,,,,0.09111147,0.039234914,0.030056283,0.005090178,0.011693522,0.001952547,0.020867616,0.011905797,0.003902293,0.025708605,0.012242922,0.02493513,0.028464636,0.0075637386,0.016677996,0.016160665,0.0057118568,0.0922773,0.013926287,0.024673322,0.0040001,0.006512356,0.05018328874306801,3400.0,5.590515157959009,6.055525620489397,0.016371951174124308,,,,,,,,,,,,,,,,,,,,,,,False,False,True,True,False,True,False,False,0.0228737,0.015222487,0.007427956,0.094876125,0.039734446,0.028820235,0.030183474,0.008237852,0.025473636,0.01838937,0.0059851687,0.010626888,,,0.19747916,,5.408830399078328,4.251232682067635,4.353680472382123,8.430611545140938,4.461395350974529,3.057633841461932,1.5030979294780369,1.3621311743426752,6.071207211170691,4.135545368010135,7.904432609073281,4.116197826926873,8.150145141695608,6.294945393353276,4.581366669662627,4.837469847939322,12.214038063391666,7.8841125175632545,2.8770316986959124,5.879095722809895,2.4647033185031315,2.2391821318385254,2.1738447749963465,5.891035234306011,3.7859718153268687,3.597902340481916,17.04712847953264,14.590977271277529,6.606763905099143,4.72375099808798,2.9484109475072984,7.688574310057821,0.5138099836762022,4.508135925208196,1.2157751994828376,5.993916874998966,5.416460929795612,6.185300243379393,16.800148743200538,11.358124803835006,9.11950181196047,6.820523325906566,5.627415405583461,4.453389155141141,7.1235376564194555,5.130884978143749,1.4031450098949485,2.2972201668443484,3.440915025074814,3.5163680319157167,8.972025009522952,8.960309447372348,3.547118295821177,13.708488846994886,7.613782160122453,2.4312137563332636,4.692059604970627,2.492612251344418,5.48512272304416,7.499228110846954,0.8110974202068751,16.60932650002824,5.963783042085001,3.4951102646838073,4.189253405217466,5.391794587507387,0.05397700536450307,0.04764858297021525,0.17063832619620403,0.41584404074160203,0.18850893364673327,0.1490308568588157,0.34402123730047673,0.46039620126429937,0.03051322773553261,0.08521819009130933,0.17309613223503195,0.18504715542984,0.13499817881508674,0.13019391670072264,0.16196677818428015,0.17455363072818514,0.09410084683953916,0.32399902426215177,0.052477682939377504,0.26460261719968803,0.0875974631955491,0.28798489345504524,0.18797045467787957,0.30331903044148206,0.12076984839339167,0.05442936136245884,0.5964656108219103,0.26302689119964473,0.1235789535940171,0.3605602422508792,0.14624206939902806,0.22440345064998887,0.17165769527753236,0.5078698152856757,0.15817953616413266,0.49331129571261206,0.12382773093336735,0.13024325473004486,0.1218868322493351,0.4916619620294112,0.20769144476674262,0.3960711865302837,0.11531871673310215,0.10192906361954678,0.2332171728394788,0.5287539937637283,0.18963156091701036,0.16492561970164624,0.04240372707774083,0.08681132934697203,0.22967082483772003,0.09092130159701792,0.24426880117398977,0.36689579053488247,0.15832585477922353,0.1504097011239355,0.27485639910276866,0.16704815597951442,0.31044075112832015,0.17827524422513982,0.26100226064273696,0.31556049240482326,0.17321232039039203,0.3615407538761204,0.20044577880897763,0.44262597870175574
7.5282082902207295,,,,,,,,,,,,,,,,,,,,,,,,,,,,,0.026974102,0.008412946,0.0141433375,0.034535024,0.016639132,0.025330136,0.048048828,0.021254892,0.011462952,0.04212385,0.010287859,0.18666081,0.010958493,0.014547828,0.0067467466,0.0062074894,0.018782050590894713,3350.0,8.423500049055502,9.311481654440803,0.05526107852660152,,,,,,,,,,,,,,,,,,,,,,,False,False,True,False,False,False,True,False,0.06697043,0.012286088,0.0147966845,0.15793625,0.058527656,0.011710187,0.029041048,0.038720287,0.03589691,0.029593995,0.018860437,0.010934283,,0.03039137,,,6.3060693320449674,8.393509182055713,7.687064621458768,14.991663890545663,8.240307154742984,6.759021056829629,5.4160984403456895,4.511746703071525,8.230473681935711,6.400122070194056,8.01131420060311,4.879001092736184,12.095694401984508,8.200035108753516,9.155792922928462,7.253153780209911,16.591707383137546,11.353069797752237,4.936159839259702,5.963632052799869,4.800360930701881,7.539034135427874,2.8392478068734186,9.787569168085827,5.643736134466222,6.487423831921921,29.325850964248833,23.604943755526307,11.48572968870729,11.587392249037723,6.598133515051221,8.367391232854573,0.676379584774528,8.026940117827525,1.0513994691254849,2.1311876154205778,11.089107637912946,8.984252787443525,20.218852657277687,12.617466898283164,10.170225226955903,1.1445970009929423,7.276697912077904,9.440140259639152,10.357090779098009,17.35443901395585,2.4024066580533407,3.4912583990510044,3.0484976283845664,7.061694520468329,9.354564003349376,8.760058260635123,4.114734100264117,17.479634288885254,9.570608262983049,12.257266873720482,5.663455268349206,3.531791546251836,19.348606804375894,16.942361530050086,2.4550279977876377,18.54893788992515,8.962247374164617,11.37901752651845,4.851859235407013,2.04914095967545,0.08901983936197087,0.17477311882730046,0.12547260267299065,0.10290845823132384,0.12395895221089291,0.2070585938042915,0.2794930481249812,0.30594021311976155,0.09121923691530488,0.11286765084380801,0.19781582296018022,0.25077795065661823,0.14423887207829636,0.08084487994452949,0.21309627726659341,0.28831689165401636,0.31745429045036044,0.4688022578849214,0.1680361689379927,0.34461881965622315,0.25995845234088005,0.26192732843874256,0.16840250490189637,0.9296153667222985,0.09100208056833516,0.06849556141393248,0.19759099844015965,0.317102046847174,0.23833060042694382,0.31029951811162704,0.13577801932285638,0.24211774283514872,0.25927573626198863,0.5242649155064422,0.22210164054871118,0.35578202167373446,0.06662566591845646,0.14447788768217337,0.17523765538616598,0.14083950610476714,0.10482806426232441,0.26870109836327755,0.1653057543811968,0.09921274891128817,0.21401596371083204,0.1940726587689613,0.11774513444213625,0.3881282976842309,0.24886299553139932,0.9085249056062107,0.16475952508440891,0.24879843590115688,0.13870877725912234,0.2903097044886987,0.4214536527200115,0.23416684120713988,0.11496892832351625,0.13645928168213697,0.14497829196728,0.20965248914822637,0.47998593441339343,0.632958928486387,0.21699622174159366,0.44353249691546776,0.44246472824164645,0.30587628398402616
10.995705992805833,,,,,,,,,,,,,,,,,,,,,,,0.09311789,0.12038414,0.13018557,0.19711709,0.12220714,0.11208896,,,,,,,,,,,,,,,,,0.01,2000.0,11.571150619032222,12.40096747901526,0.01573847955677495,,,,,,,,,,,,,,,,,,,,,,,False,False,False,True,False,False,True,False,,,,,,,,,,,,,,0.22489917,,,10.843793972173723,11.431005910983503,9.835262356990157,14.71172788176682,10.853370698788916,9.718971332939839,3.5008618916283565,11.304548035706912,11.041711098635027,8.235711649797768,10.719146039172136,10.305555202006596,15.181420679641604,11.66254021471212,10.081613743218067,11.1719669525405,20.83216176407833,11.562748641491492,10.91826888256073,12.75703597642735,7.688183294135814,12.765076814478014,14.081818981041199,14.43886502023617,9.729301354030577,9.928289644472184,32.50937834677529,26.808386853586324,11.954117482875512,10.992136744059314,13.210483981968764,13.250021169227612,3.458868411170502,0.7076564675208664,7.497504096869863,10.207724711073094,11.254447866234193,8.704065388272126,19.77277284493439,12.648443017836357,13.682767890519372,1.1262458005703448,11.766678099728011,12.43034228306313,8.585387902142632,19.740074654580184,6.8651285319588125,5.831240163610754,12.486800299427987,17.68118541863797,11.828190009358424,10.562309455680438,7.203868378479134,27.142801292262124,16.77793161078949,16.585191246186135,10.92271740363486,17.239155011670427,17.423629357848053,12.895190026339517,5.036979258919947,25.041418686178893,3.819307072250522,2.2598152716243387,10.484096826082896,7.384479867964414,0.11319987499480272,0.021710050168193065,0.04578624298874601,0.021555493346615034,0.16714749561209305,0.1825352033439194,0.15400660578003308,0.10992663037626957,0.030057674175426038,0.10353348835486419,0.1471686669680699,0.0730295999066508,0.17306404661311234,0.20871544715116197,0.044872317832466285,0.08579448233897496,0.1978316002422859,0.0360324485909553,0.10875458559098318,0.15842025185660694,0.04781321618579808,0.12990850048299393,0.217122677603154,0.29554378294789024,0.08195917892672061,0.06802429305678229,0.3965487426139515,0.3840353742523393,0.2030245656091764,0.12093569545129002,0.11372487885525054,0.08833160534743484,0.22433604154835446,0.09485078116237726,0.3015663261741765,0.10921356018473621,0.045939582440125304,0.03140355271972488,0.10163418271614938,0.055058152046546724,0.18198816940985044,0.14183497665725078,0.12336171593103862,0.13315229771665663,0.2094140158575925,0.18748083783828004,0.22487354797073564,0.1994490945880559,0.1908096819987959,0.16761206124465627,0.04373514546141293,0.08155994040568643,0.16786643101087437,0.13952140618602632,0.13959301665094465,0.16092240019234816,0.06115195383787906,0.08412105326139364,0.1630910226377597,0.11340506196869835,0.2348957998916961,0.17370785759944146,0.07867948177737281,0.09971661803084919,0.2023234551560095,0.11814962829153576
7.456750723282973,,,,,,,,,,,,,,,,,,,,,,,0.08750515,0.042731456,0.019066546,0.0062738815,0.012040124,0.013999084,0.021895424,0.0051361076,0.00608351,0.034334015,0.012040159,0.025605911,0.040707998,0.015903601,0.01078044,0.031028748,0.010168416,0.1518109,0.006905847,0.0118748555,0.006227981,0.004853198,0.04555198524027325,2000.0,8.693191045832956,9.401525227400592,0.059524938225412,,,,,,,,,,,,,,,,,,,,,,,False,False,True,True,False,False,True,False,0.05170278,0.00713667,0.010147938,0.13150325,0.058232956,0.01186728,0.015534738,0.033948943,0.033334684,0.02594527,0.011226647,0.018558746,,0.013886717,,,6.747108258143595,8.788735456381337,7.686838348900326,15.878211765167134,9.772822284041634,7.942752754856653,6.788527164781094,2.8085704381704453,7.884612627275909,7.020600946647507,8.51137273402941,4.862226126362245,12.34466884418152,8.637932713258815,9.265572847439348,7.846632993781666,16.61817473103587,11.418930930710776,5.294428576148152,5.6922663881704185,4.495498935715892,7.56464911101704,5.3971083249502305,9.171111633650192,4.911879177971846,6.413886867743119,29.460251684963815,24.970662461223395,13.07711916957275,12.747087021418434,6.716259140509537,8.163925679324432,2.884774251510533,7.203148849518416,1.2436786674651095,2.1250920743388315,11.411529621323833,9.523122760190327,20.12554960256009,12.341013638814855,9.128100751581623,1.706543192513354,7.672256105589165,9.582627627984076,10.958538260616539,18.117081207737282,1.0041544329057852,4.144315657379222,3.923885405489176,5.646844201363325,9.290671713349617,9.444094935079564,4.412226999902808,17.34612042398046,10.23212978526241,11.65538268771624,5.762836923207547,2.8180888510220754,19.215585815365838,16.31764527331785,0.9389010070940964,18.87496187424609,8.122016657552969,11.192165584686734,5.576225662049536,2.283900376447275,0.14167905643788029,0.22349679222714733,0.3470240396871292,0.12878372544505623,0.13857981109342857,0.35756156034920755,0.3398668727980938,0.21452435527974908,0.18086444709391802,0.20158051051288334,0.2694521545276858,0.29486005360927386,0.22087024140746278,0.29292960339362334,0.22476468414815504,0.2343400465290797,0.5367833366779394,0.7136945195107379,0.17968205132169937,0.24077318920182342,0.22254483829563487,0.30107039570111566,0.21898937209523803,1.1902803722473299,0.09604268805538352,0.038130376853874506,0.2209865577683856,0.49969073903543826,0.24927260778439128,0.3703041560712819,0.5776196765177397,0.19962479412015666,0.35799153251342014,0.5863159849075452,0.30426921780377786,0.6530448893800377,0.13888353389326702,0.2621623579777766,0.3290356244528254,0.1202845677049889,0.2427834975809805,0.371661181173604,0.2557402894118196,0.19778843722653272,0.4606981252278849,0.20087753521901433,0.28839285731833214,0.18159870057488114,0.25861137778481647,1.282645847015105,0.28786978345125314,0.14700217815733715,0.2707392777288654,0.7470338778906224,0.47696301892500287,0.05562645102139523,0.2892820379606621,0.31957351090850206,0.31172443101764036,0.3586400257699397,0.47749668617115865,0.7656185294155852,0.517872547173343,0.8297719642777907,0.48223435133720216,0.13149240799323228
4.6175708688563475,,,,,,,,,,,,,,,,,,,,,,,,,,,,,0.017280094,0.02456764,0.004933565,0.021791438,0.019875463,0.018484937,0.026153114,0.010764316,0.018934887,0.021241054,0.02233772,0.12497485,0.018895349,0.029761355,0.0063274615,0.011274534,0.07292041550546978,2650.0,5.611354314667129,5.917727643793136,0.1075995448020945,,,,,,,,,,,,,,,,,,,,,,,False,False,True,False,False,True,True,False,0.03174004,0.011832753,0.007960153,0.121230625,0.029924717,0.024028486,0.036705844,0.004813105,0.0115713,0.017784134,0.009456668,0.0030353535,,0.020791212,0.27152783,,5.394271394450977,4.328079557255455,4.335400130262036,7.769987239444395,4.3836564077060585,3.0362599126017296,1.008150689855892,1.8557244872658611,6.252093591157184,4.085348433494966,7.883293141381924,4.087910667115293,8.24629459209324,6.133854511036811,4.776157423290422,4.817705366963141,12.002866437902247,7.75903591946855,2.917948365288354,6.301722928168507,2.564010614416932,1.9691896806646363,2.0136876367749954,4.324832151423557,3.9679417094883838,3.5813295140418275,17.384126422219445,14.444852541703025,6.388929331717759,4.387244516236893,3.023525410516003,7.686885259236762,0.8386367591413881,3.6701649511676577,1.3472475255190663,6.044101284800773,5.301640699726567,5.896654772916371,16.97115658749819,11.965796338473613,9.391262131711372,7.339467423436497,5.715917157534205,3.883034373441485,7.119931678260964,4.697096890678863,1.298651113245751,1.6823964971247083,3.3259337815047907,4.490688949680216,8.876257649567458,8.843519816993636,3.3195764043845157,13.320452188822477,7.730575345408535,2.388255117119102,4.738818599248717,2.7143304229897707,5.479234907730692,7.180015098160871,0.976674679797053,16.267018050765234,6.226991012314223,3.6394439842370856,3.9738330528999315,4.692613398243724,0.17020672766463066,0.16281905032299687,0.1327389826672725,0.40731214237370433,0.22107951437202075,0.07335815759221387,0.45391897390263514,0.3951243922383719,0.1626104948200834,0.13690987082442485,0.134729342967667,0.2507649108534544,0.2319334396599814,0.14731012232752663,0.18592784427165515,0.12630241327523745,0.09481551482407252,0.0886975506267282,0.07502088233365033,0.30362431617666474,0.10171195237536505,0.2790716053712025,0.300560605312396,0.45018807210995065,0.03308130998925603,0.15362661007604164,0.5876210302060658,0.30802467110506515,0.13818682941806115,0.15378054083562875,0.04399484371074,0.09068366413283535,0.3093123609830127,0.5394587807271221,0.31044438407285274,0.41514601817936025,0.2687290435280795,0.11910510475182019,0.20436404174730985,0.7457468923656776,0.21197931889818158,0.873053973694922,0.15089263433310843,0.2282805670597756,0.36119759990464295,0.691963511672663,0.5399515869046501,0.417812949291241,0.21040415228907922,0.5666107019725218,0.2235464659361582,0.12098957057048501,0.3468301596945981,0.4318956726700897,0.3121544615123972,0.1637504374737542,0.10702221336758995,0.37144713954163255,0.36933579499345065,0.30418161625548046,0.11794623906927647,0.8702514371005456,0.3653056447418258,0.4290999251679198,0.4591037076054009,0.265820240392349
5.977182513532046,,,,,,,,,,,,,,,,,,,,,,,0.1740712,0.06927181,0.078585096,0.10041724,0.052635677,0.07273902,,,,,,,,,,,,,,,,,0.020301759037189632,2100.0,6.928692536815493,7.782440775224808,0.032379762619181136,,,,,,,,,,,,,,,,,,,,,,,False,False,False,True,False,True,True,False,,,,,,,,,,,,,,0.10302887,0.3492511,,7.464377877694029,5.641926604004202,5.295734786059868,7.741805496199416,4.62788364185816,4.147682755033612,1.2695609523653744,4.103503201889172,10.073405017017071,10.404685801457061,9.801759128207618,6.3258917346003996,8.399283328679251,6.829501668227668,4.160050422609243,6.843010140789208,13.015528275820685,6.532472400562057,6.05614712119721,6.903564118519485,4.183207407265063,4.430711193071607,7.889585936790591,7.849780176057903,6.412196912594295,4.473424592965967,17.6823090378276,16.148033401127016,6.786416914389925,5.119445177686493,4.274979214762429,8.357329791113116,3.0231150639663484,4.089916258106337,1.0010877601351005,15.515819516504854,5.244427343925347,5.7892972057547585,15.345157691912481,11.809976901490629,11.403245256880082,14.594670879359677,5.694297784040859,5.142851913950873,6.332216486569026,4.705589778778745,5.139408962707225,3.4999153542818844,6.694263801910135,6.555514114592137,11.122886699968353,9.377613961425277,6.430761015701042,17.418252932590892,11.828706642518096,5.059197588458817,6.0207652029057686,6.767557170449258,5.375277388855514,4.2299074302614645,1.2885501960303907,20.343820319085587,1.8490532701224693,3.532976307164175,7.46120717162465,6.534899696858946,0.12140218644352666,0.07718618568677242,0.025448397919489284,0.04123956358817713,0.08081508831623219,0.08183109744895782,0.19225873983071204,0.1399557844569926,0.2514840062711842,0.9866414560428262,0.09920199754911611,0.10430050349563634,0.0803715915628637,0.07150318779258484,0.08373257470599801,0.06548736089713415,0.08062201711577266,0.08077108213251563,0.053889740671070635,0.15932013574473325,0.0505506095803276,0.09883341439878919,0.42865574441824067,0.599133657932236,0.035964959042086665,0.033124213466673755,0.3414489814731783,0.2635240483633006,0.060547989033999494,0.08393290068213667,0.029523429123396852,0.09252772017360933,0.15468550221819322,0.22687537083832962,0.15683490188368684,0.1279952376655134,0.045134316919856206,0.04391198718098056,0.07301052368793302,0.22892341277098446,0.16993749697638888,0.1008042572627553,0.0323494366631851,0.09095607703506495,0.20081558506354338,0.13084219956375004,0.2581405619713821,0.17735894305513822,0.20030673884640776,0.286471773220279,0.0753227034003772,0.05154594074806324,0.12946208359515063,0.16845546751672444,0.0780647649167511,0.06381730663383095,0.07117384601882533,0.12099045483862163,0.03939452268039534,0.06213802096535842,0.10144418873385984,0.11235212341034741,0.1427216206948101,0.1274600362759636,0.2082234694752042,0.24342967625878542
4.698935907962505,,,,,,,,,,,,,,,,,,,,,,,0.0970338,0.03183519,0.025489803,0.0074952096,0.009975886,0.0036148585,0.019814976,0.0133871455,0.0035344758,0.024240559,0.010872182,0.025753474,0.02782468,0.012225345,0.014578792,0.019653374,0.005468671,0.11283766,0.016800525,0.025623942,0.003434575,0.007744112,0.029762667418734935,3200.0,5.568282644591043,5.980211034104443,0.10544766437652056,,,,,,,,,,,,,,,,,,,,,,,False,False,True,True,False,True,True,False,0.021605711,0.010391432,0.005092675,0.093450196,0.028324226,0.016986202,0.03604368,0.007665952,0.012259162,0.016898192,0.0077605816,0.011418958,,0.011501086,0.20136277,,5.360437351610407,4.313573270858286,4.464519246654375,8.156326112012783,4.477322175401244,2.974528504360058,1.3695916322657757,1.3461768282670943,6.177666534007311,4.074455887728557,7.734466711675038,4.0507409209343965,8.084949236140437,6.2660706808922875,4.609207328650027,4.861029132768396,11.917228727525968,7.772589469317099,2.8251910014110426,5.996442771256488,2.442411845681961,2.181982035340721,2.198219482739609,5.295635749254691,3.8916717436049977,3.5399620072007836,17.0129422937448,14.45704398697958,6.568690362916426,4.656908735184892,3.00281617511085,7.6059153602508145,0.5275515711913314,4.05399981102003,1.3881549359722214,5.831892721160092,5.359893964702901,6.121574341277917,16.86725795746323,11.757781759594895,9.06779862515258,6.878430844653702,5.689189907039264,4.271763363492827,6.926287882806913,5.081348707222576,1.6279535381413148,2.1649754959589482,3.4530506808430443,3.616161256918956,8.9922914606719,9.057634615480543,3.3717343678581515,13.453771572440946,7.602031694781019,2.3647248160663468,4.45741665438416,2.358613896925572,5.48500750425894,7.356565642149905,0.5270802168227785,16.5565256990775,6.083954764842031,3.48217596523438,4.189339695432383,5.389642164164593,0.19237099498289723,0.1276597730558939,0.15376832289200942,0.4736894342968513,0.06857263575338142,0.11573683895479202,0.31441578574790324,0.1998612994748689,0.08436803378426673,0.07867552138541471,0.13399587897397966,0.06366845714183918,0.08332012121972854,0.14524235950532474,0.08310858225386157,0.21059277663177212,0.1541449629198515,0.12637392789724008,0.07815556969647246,0.16447675204139697,0.11691527087179049,0.3716078276389889,0.2706172114751699,0.626945459983762,0.04811720116699459,0.07138763030504837,0.3708887243666383,0.341533857260328,0.07840798962294605,0.13319720918145506,0.17128185794544215,0.07707191918501871,0.19889451837464905,0.34689194946969965,0.1532625581526394,0.23011944825958808,0.1379545133731848,0.167843463394558,0.060962714721582247,0.7064153889466163,0.12053024945359075,0.631646322219975,0.16254474160004473,0.3886756306037097,0.32119087490121156,0.40244584127872157,0.13095400350069858,0.16505879775675206,0.08456189066937685,0.13313453566192368,0.0658512978970698,0.0458236208976532,0.18117245099146242,0.3272781893575742,0.1684173644359074,0.11687948617406245,0.23115394145670176,0.11971349153691627,0.17730436741961914,0.2024931794181137,0.3693141443930129,0.43095536881852325,0.04175549862539781,0.5725848539392566,0.19447573312632335,0.30146401535324285
7.357668820251161,,,,,,,,,,,,,,,,,,,,,,,,,,,,,0.017388707,0.009978966,0.009274088,0.041333668,0.014891498,0.01290741,0.041622706,0.07856146,0.012071682,0.031257264,0.012782702,0.08660286,0.01357598,0.015807722,0.012384509,0.011679789,0.021321729170450724,3300.0,8.670524467064961,9.210781868865462,0.04954964679283161,,,,,,,,,,,,,,,,,,,,,,,False,False,True,False,False,False,False,True,0.065440625,0.028828394,0.010669403,0.15221174,0.041283257,0.0103021525,0.023936842,0.04371319,0.018420968,0.029056985,0.024744838,0.04580029,,,,0.08347031,7.072640882632297,9.262061519394292,6.816427856300033,14.846711168275977,9.286451795194882,6.59243490510557,4.571710537565503,4.054640053670376,6.689974444252893,5.768382719427604,7.613340812352649,4.7641064906761486,12.315112043646781,8.455107117592478,9.138763280250902,8.73241688388902,15.548802092626255,13.443122906494986,4.388072353564697,4.571806823496205,4.457934257275104,6.984401285396828,6.101055975120294,7.605651344678558,6.029795914288853,6.824278558363841,29.926608780479796,24.229049010091764,11.860361257240069,11.972356548459263,6.645974002847933,8.105996861834978,0.5796963518175081,5.6915569615336485,2.3758196432362264,0.81372077311977,11.435556601858565,8.902792232360037,20.114155372816846,10.846879463492819,11.509782373790339,0.6887156281691039,6.678718444794019,9.915766844038197,10.246688610439403,17.26490424951745,3.1378823438973646,3.1446168198046265,6.9175646629306,9.887540924302602,9.312324395596926,9.107668267796786,3.898663624231495,20.252492209479595,10.832997243027293,12.822250021077613,7.097045695223064,5.166160542769488,19.088335718504172,14.543087159938318,1.6504848196554782,19.330953877784985,7.937153468794742,6.692595311760937,4.851411756890765,2.671576188766407,0.1795234900777316,0.17384980121130167,0.1313772661501807,0.19192297968867322,0.13900808709489812,0.23406597872124224,0.2297822143034346,0.34509034564858715,0.03608605281117002,0.06398337876627037,0.23969838766643964,0.13717338264203555,0.197888766670931,0.06049108737125366,0.10597293724413505,0.11351186664848348,0.470455998718833,0.3851650122398757,0.1029708022706596,0.1551164452532676,0.07846817268355863,0.19456743215736508,0.31081166340178557,0.32462111481826317,0.13105095467782746,0.08284049696844695,0.3658898434237306,0.2574057094398056,0.23522798383589896,0.31591489596443545,0.14168304190653688,0.15566445244065094,0.20429090425421761,0.6180761696223742,0.18258802888300776,0.2367115952290726,0.10669083493068661,0.15236982260805243,0.40890733517341504,0.08344418609146738,0.19976850219259945,0.4146105303593065,0.11520264958531853,0.1346783340095582,0.23576821389647307,0.24205776133795923,0.20394819636926964,0.283714887467556,0.39328365427356227,0.2786921665144994,0.164706709750268,0.11444408503154352,0.22955307120027307,0.21928608260018134,0.38096328166604176,0.14363658615556113,0.18852025962525912,0.2368732364314363,0.1338886874593906,0.20735732778152183,0.18599406009431788,0.4522136400656692,0.09360877249606749,0.599159439449322,0.3160407421080817,0.2701954020064209
10.88334251975601,,,,,,,,,,,,,,,,,,,,,,,0.14473379,0.12502107,0.13828611,0.14052609,0.15313189,0.121204294,,,,,,,,,,,,,,,,,0.024840156198272883,2400.0,11.488139795987367,11.931153628597738,0.02428912859221361,,,,,,,,,,,,,,,,,,,,,,,False,False,False,True,False,False,False,True,,,,,,,,,,,,,,,,0.17709677,9.83505247128007,12.148262701220226,9.77736137135704,14.912743687440937,11.757855758620353,9.552581700765215,3.489827413709134,4.804956772101261,7.805985076565531,7.166133388063682,9.64165101435496,12.15214668138876,14.004407441142789,10.707164893681437,9.89250542922416,11.434077266746224,15.004383485439357,16.13147030966993,10.518105125581965,12.75043456629722,10.34848448544987,14.875335018916127,12.294824839920405,7.997208077217803,12.058549225076913,9.741428895596336,33.53869894010707,27.808765435272267,13.185090076922506,12.252962946976583,11.708394799916096,13.398149541097089,6.617731547916897,6.968700716255029,2.9960006440303575,5.409147643496097,11.057156677696067,8.105526555908664,19.574572849542797,10.846621664453915,17.208681689767438,3.1836933428129575,15.949230739605387,12.982087358320745,9.857350161532624,18.46516029898612,7.95028863170261,2.3908665907299507,12.700863103586972,16.67652069925892,10.61596626323961,11.399855019878574,8.5404448250189,30.261553606475644,14.380147361820207,14.163738688156533,10.839994060987948,11.797715111024575,17.717675595933684,13.326582216123137,3.000972747868702,18.343270849527983,4.885371817816568,3.1789420229855905,10.354987594848128,8.39426547687982,0.05873414624358259,0.04154099389132834,0.28224799613638973,0.08196019387990633,0.3133505322112595,0.04216558834767533,0.32696721979691734,0.21765452960754117,0.03550650863596322,0.2471438033637061,0.13875698635674483,0.1423084204896126,0.5212735545292816,0.14167249830601875,0.3782483093962397,0.5091872386520268,0.5055470383901765,0.1398695789284954,0.06414370740146466,0.3329668247130817,0.19912694637117068,0.48631413802794765,0.43817180102962405,0.5856961108082543,0.13983897440287404,0.09920284710015535,1.26969690208057,1.236876983500431,0.5387756481505995,0.3194520391038415,0.7084070724649412,0.07046378781030518,0.45500737671692537,0.17800918254463716,0.9446931627380762,2.024754384153208,0.28314540544048,0.152988135051388,0.34887492263304476,0.1018447796029703,0.03397723718446137,0.5714106147522807,1.1556496726042784,0.4261470847813682,0.9425225384935457,0.7616395082119533,0.4496771819090702,0.2640121822943712,0.5994381217659064,0.5150265893741266,0.016896197855097512,0.08703795674826231,0.3193164042200777,0.27958916276996887,0.8721387801467859,0.4720441533096069,0.12215920836676619,0.09668233205187544,0.38541670708959824,0.18547211654785184,0.2218361933065673,0.9557517349768572,0.5960851415467985,0.5168458550512406,1.1034888357309072,0.4526374125388825
7.271037625425454,,,,,,,,,,,,,,,,,,,,,,,0.085351214,0.027833719,0.013423918,0.005620535,0.011795041,0.014747905,0.019300878,0.0077695437,0.007107859,0.043563224,0.011812781,0.016415436,0.03723363,0.073975965,0.009637521,0.020047668,0.01263245,0.0728651,0.008264231,0.009849427,0.011462202,0.0101416,0.030545102780987,2350.0,8.875487520422535,9.253624720209954,0.04938739463531262,,,,,,,,,,,,,,,,,,,,,,,False,False,True,True,False,False,False,True,0.035949595,0.019800574,0.006701216,0.14187066,0.042840958,0.0055215084,0.013756862,0.041103292,0.015925584,0.02269278,0.02419011,0.03206743,,,,0.06672759,7.767467681165061,9.913760149132212,6.704205211888412,15.969582328836534,10.46814577865166,7.360539527057249,5.948443106211079,1.8742802428125114,7.1737152768207295,6.328077355682059,8.328935783321793,3.925476192910927,12.534778045578784,9.01141906279769,9.488377485547764,8.833474770525763,16.45416070409745,13.193632312030829,4.5998551992084815,3.852427843986842,4.139284640912348,6.651411957067021,6.218651185107757,7.179264866864162,5.263840493344235,7.009451551568626,29.794619092680335,24.948203471924998,13.304588621151291,12.774570453233771,7.005898843566506,7.832564860830954,2.268620933092978,5.466646467423282,2.4784801570466386,1.1753682173747444,11.650543246479131,9.445561385145018,19.834467279485448,11.588540383200177,11.385694878124925,0.8465996532954294,7.172883873671646,10.270254253287542,10.883740510487183,18.073206622894663,1.5791739674574072,3.477183815053235,7.341374558476062,9.28570788269685,9.303196268334952,9.302037770037785,4.356807910172162,20.105793574926775,11.74468381005617,12.40077541146067,5.978136515738102,4.75112079365671,18.875658482291236,15.062448791400243,0.5163222152113278,19.794000476665296,6.844612770161822,6.348218119144378,5.481723648402764,1.3180152020034885,0.2980979833503787,0.1680559368816537,0.09954295666192187,0.19127345435888074,0.038651095997214974,0.20006734104801388,0.4059383593686884,0.1515112500161392,0.1466177339648698,0.12057707362471061,0.19547963592757583,0.1135031054395939,0.10820161464624187,0.1302928075383552,0.09186722912071302,0.12075835343189882,0.31889131131139536,0.24019547609874517,0.059583994981168543,0.4197314919988217,0.17892744491179763,0.14287711708616166,0.2479087854673454,0.4159720541674795,0.11887656424087681,0.06771956315047231,0.27957421529781207,0.18792250446247266,0.1138559028832841,0.14505382166156464,0.184541307019936,0.1460289926322967,0.17314541878235287,0.5120385152595877,0.48242545853523494,0.19806035212478307,0.17007696981332057,0.18023347917843538,0.28186197599394747,0.217072707629183,0.4685482187418852,0.20620423684324102,0.05688747591456934,0.12506555298071,0.18273411180569504,0.1586463615463954,0.21142566245690603,0.4337412933711017,0.6669614046274696,0.6945309912020726,0.2108228106055031,0.2416214120091551,0.07394133347852394,0.47799495178778506,0.19512046175848546,0.24546244620631488,0.3038784879914582,0.33519219483896656,0.27984928726512964,0.42183541534496544,0.2669505140353078,0.554247614544113,0.1803967426509064,0.7679098822682099,0.22175551781881406,0.11758045988007203
