cv_rmse,test_rmse,dataset_size_importance,genetic_importance,geographic_importance,syntactic_importance,inventory_importance,phonological_importance,featural_importance,dev_size_importance,test_size_importance,train_word_vocab_size_importance,dev_word_vocab_size_importance,test_word_vocab_size_importance,avg_train_sentence_length_importance,avg_dev_sentence_length_importance,avg_test_sentence_length_importance,train_dev_word_overlap_importance,train_test_word_overlap_importance,dev_test_word_overlap_importance,ttr_train_importance,ttr_dev_importance,ttr_test_importance,train_dev_ttr_distance_importance,train_test_ttr_distance_importance,dev_test_ttr_distance_importance,train_dev_jsd_importance,train_test_jsd_importance,dev_test_jsd_importance,train_dev_tf_idf_importance,train_test_tf_idf_importance,dev_test_tf_idf_importance,train_dev_st_similarity_importance,train_test_st_similarity_importance,dev_test_st_similarity_importance,eng_target_importance,trfm_spBLEU_mean_importance,small100_noft_spBLEU_mean_importance,small100_ft_spBLEU_mean_importance,nllb_noft_spBLEU_mean_importance,eta,n_estimators,cv_rmse_se,test_rmse_se,nlperf_only,dataset_features,lang_features,with_trfm,with_small100_ft,with_small100_noft,with_model_noft
3.8127385658642488,3.6816501465469704,0.09113586,0.01116202,0.016172323,0.021347336,0.009766057,0.025098294,0.023760904,0.021378035,0.0040490385,0.051437326,0.04306084,0.019157812,0.035628576,0.0265636,0.0038080432,0.009838586,0.004432086,0.004056634,0.05361069,0.010309429,0.0020033438,0.025384745,0.0021892586,0.0027258839,0.007799577,0.003458396,0.0026754164,0.058318257,0.0019486623,0.0023998395,0.009520426,0.006940745,0.001937495,0.008732228,0.009088193,0.009871637,0.03765989,0.3215725,0.02331930553818861,4250.0,0.062479934240025306,0.3599890103221319,False,True,True,True,True,True,True
7.690098812366855,7.728667423418517,0.059298165,0.14006324,0.07946716,0.052712094,0.0451383,0.04285628,0.035773307,,,0.04998256,0.068941906,0.09418024,0.03690373,0.042088483,0.045773357,0.015199304,0.0155897485,0.030049775,0.029284814,0.022084104,0.029168969,0.04138218,0.009944786,0.014117479,,,,,,,,,,,,,,,0.031525524442781866,3700.0,0.09525484621285751,0.0794247773729163,True,False,False,False,False,False,False
8.095671963999823,8.063605642610511,0.071052685,,,,,,,0.04418669,0.035213478,0.05557821,0.08998575,0.113548376,0.04228769,0.055382363,0.06738823,0.018527104,0.01611146,0.033945896,0.03548333,0.031273194,0.039287064,0.051822465,0.00979791,0.012332343,0.014437938,0.017442223,0.03319099,0.022085091,0.01007355,0.01521,0.022239871,0.016041504,0.018714938,0.0073596523,,,,,0.04125715499006727,4250.0,0.1513900277443779,0.2946341761434675,False,True,False,False,False,False,False
14.327317285056713,14.641634087768562,,0.16324078,0.3492902,0.11170381,0.19128639,0.10911369,0.075365126,,,,,,,,,,,,,,,,,,,,,,,,,,,,,,,,0.01,2000.0,0.20653662757722413,0.362207006196116,False,False,True,False,False,False,False
7.362689144945304,7.2178347757962555,0.060699027,0.10205299,0.057283264,0.03477674,0.036093585,0.026480105,0.030462164,0.023465196,0.02193291,0.055993147,0.061706793,0.08714734,0.03414909,0.04043927,0.04639318,0.009673133,0.013218257,0.019547915,0.024176754,0.013165471,0.024660453,0.03575333,0.007226958,0.00899235,0.0083316965,0.010658871,0.025169168,0.015678838,0.006775501,0.009494266,0.016663572,0.011382644,0.013715351,0.00664068,,,,,0.027391779447958554,4150.0,0.142439199799057,0.2535994434436063,False,True,True,False,False,False,False
7.194713925513186,7.224778762437751,0.05692451,0.08326192,0.053225547,0.032277703,0.023501568,0.021065764,0.033240862,0.027249282,0.020247882,0.06371531,0.055184394,0.089407764,0.025308058,0.053782273,0.042255104,0.010672869,0.012689328,0.015745867,0.026808292,0.014375198,0.01744701,0.04280573,0.0074463487,0.0075596175,0.0078083994,0.006669852,0.022828748,0.022966612,0.0071314587,0.0073755593,0.01351857,0.013862985,0.010526484,0.009394443,0.041718718,,,,0.040715252306574023,4100.0,0.14704631337889273,0.2472337649634295,False,True,True,True,False,False,False
6.352617631175873,6.327566709836399,0.100775205,0.053100597,0.042621426,0.028084839,0.019683365,0.020935643,0.050009727,0.028903749,0.01618714,0.049493,0.070423454,0.08465573,0.033215236,0.041059677,0.026413653,0.012098217,0.008855586,0.011639019,0.021627475,0.017410628,0.01435456,0.05334574,0.00428559,0.0043334933,0.010270654,0.0071060793,0.01074775,0.019760143,0.0095185805,0.007283798,0.012190797,0.0120199155,0.0071839793,0.007663373,,,0.0827422,,0.032437669572265335,4000.0,0.20095730755352,0.11187681889452604,False,True,True,False,True,False,False
6.167405406142777,6.036002189639997,0.058568817,0.04325093,0.04385809,0.056916494,0.017923893,0.014084269,0.038516574,0.034281895,0.03102691,0.04423823,0.0913104,0.095953815,0.028500263,0.031982366,0.026630929,0.011776536,0.014214413,0.018684039,0.02420228,0.015134129,0.011174185,0.05616007,0.0049517653,0.005921626,0.008786452,0.0062535093,0.018744504,0.022783628,0.00414038,0.0062956475,0.015566522,0.0068914355,0.009412086,0.013122479,,0.06874041,,,0.03580393577681833,4100.0,0.16882547952294777,0.3217892557245277,False,True,True,False,False,True,False
4.273264710966134,4.146626023767155,0.07765083,0.05556209,0.0214654,0.023453131,0.0149560915,0.021404823,0.009373892,0.045436833,0.004834741,0.041726712,0.046724916,0.055787098,0.036641546,0.038949218,0.012898615,0.01001837,0.005867218,0.011085287,0.04290525,0.010002727,0.004042872,0.03729423,0.0030850798,0.0033050296,0.009513978,0.007965462,0.0074647563,0.053764205,0.0035326756,0.004175755,0.010693165,0.014424741,0.005002841,0.0030038552,,,,0.24598655,0.02860622289265905,4050.0,0.10604709020673965,0.23568123697644913,False,True,True,False,False,False,True
