cv_rmse,test_rmse,dataset_size_importance,genetic_importance,geographic_importance,syntactic_importance,inventory_importance,phonological_importance,featural_importance,dev_size_importance,test_size_importance,train_word_vocab_size_importance,dev_word_vocab_size_importance,test_word_vocab_size_importance,avg_train_sentence_length_importance,avg_dev_sentence_length_importance,avg_test_sentence_length_importance,train_dev_word_overlap_importance,train_test_word_overlap_importance,dev_test_word_overlap_importance,ttr_train_importance,ttr_dev_importance,ttr_test_importance,train_dev_ttr_distance_importance,train_test_ttr_distance_importance,dev_test_ttr_distance_importance,train_dev_jsd_importance,train_test_jsd_importance,dev_test_jsd_importance,train_dev_tf_idf_importance,train_test_tf_idf_importance,dev_test_tf_idf_importance,train_dev_st_similarity_importance,train_test_st_similarity_importance,dev_test_st_similarity_importance,eng_target_importance,trfm_comet_mean_importance,small100_noft_comet_mean_importance,small100_ft_comet_mean_importance,nllb_noft_comet_mean_importance,eta,n_estimators,cv_rmse_se,test_rmse_se,nlperf_only,dataset_features,lang_features,with_trfm,with_small100_ft,with_small100_noft,with_model_noft
0.033151743318254684,0.02933046210051072,0.17040615,0.042085595,0.01168616,0.02044757,0.03903812,0.085539244,0.0042910906,0.056500584,0.002254416,0.040080555,0.055673696,0.0028630837,0.025994012,0.03287567,0.0021304563,0.01691636,0.0073196413,0.0019501217,0.074706875,0.0038402148,0.0023617821,0.028141523,0.0030583858,0.0026026259,0.0058612144,0.008530244,0.0023191748,0.024404282,0.0026425808,0.0012045603,0.037506796,0.0024459073,0.001244179,0.01495517,0.010627563,0.0070912987,0.016072312,0.13233075,0.04232557650452171,3100.0,0.0014874456590568742,0.0013100635149374809,False,True,True,True,True,True,True
0.05646994493987676,0.05563456522211594,0.20393774,0.024487134,0.024256542,0.04904867,0.03978179,0.03336723,0.074800886,,,0.034756493,0.08132355,0.032121915,0.058496226,0.04923488,0.025078157,0.045895975,0.012265046,0.024995614,0.07819398,0.026394978,0.021207018,0.048004527,0.004781185,0.0075704716,,,,,,,,,,,,,,,0.02903248325632745,3400.0,0.0015381604831169126,0.0037878312984742993,True,False,False,False,False,False,False
0.056668334792523686,0.05455825237330743,0.19178292,,,,,,,0.060773324,0.021484148,0.05643202,0.06011974,0.032906618,0.037006184,0.04039387,0.03374019,0.05163754,0.010877723,0.034570206,0.072316006,0.022515595,0.021430572,0.067175075,0.0052606747,0.0070761517,0.013478817,0.019307759,0.022064228,0.030404985,0.014600511,0.005583181,0.042497996,0.008405099,0.008367378,0.0077915094,,,,,0.019121119476240244,3900.0,0.001349834302611194,0.0031596456132335442,False,True,False,False,False,False,False
0.13819958410591673,0.13678775698371667,,0.15656377,0.10550378,0.25884134,0.25276038,0.10230144,0.12402935,,,,,,,,,,,,,,,,,,,,,,,,,,,,,,,,0.04500632824717943,2300.0,0.001109171422555779,0.002396767657604473,False,False,True,False,False,False,False
0.0536061188303719,0.05043379000063919,0.13040577,0.031862497,0.022527644,0.04142575,0.030528298,0.031043302,0.060503304,0.05973311,0.0155754145,0.04000132,0.03594222,0.025774878,0.03444162,0.0376961,0.023444112,0.020571988,0.010644945,0.022984236,0.06393962,0.015491086,0.014973449,0.06308962,0.0052518034,0.0047094477,0.0070808036,0.010875683,0.014009528,0.025996152,0.009155127,0.0052471287,0.035242684,0.005522318,0.0059272023,0.038381852,,,,,0.019793790359784715,3850.0,0.0010869408847501442,0.0033071283046595483,False,True,True,False,False,False,False
0.05189909105554789,0.04918758312197376,0.14804983,0.033187002,0.024189733,0.038413424,0.03197614,0.024484042,0.048714306,0.06040935,0.015609312,0.04011442,0.033210844,0.023369972,0.020987282,0.041316,0.020604115,0.020536797,0.012161011,0.022875194,0.0646583,0.017763345,0.012507871,0.05150982,0.0059932196,0.0042335433,0.011329193,0.010623822,0.014163752,0.027095174,0.00852011,0.0036585461,0.039866123,0.007098398,0.0041789664,0.03723287,0.019358095,,,,0.032215948632298035,4200.0,0.0008086727230828502,0.004053421704655049,False,True,True,True,False,False,False
0.04644472030659743,0.043077216995547854,0.16107818,0.033049762,0.023303837,0.028865218,0.035576195,0.041486476,0.039578218,0.053412713,0.008940756,0.03683258,0.04915323,0.021684539,0.024832066,0.039473914,0.015699994,0.017587375,0.013470339,0.010263049,0.07438628,0.008280846,0.016223352,0.04499266,0.0052280324,0.0047380333,0.009622572,0.012299985,0.010531435,0.031219488,0.006246136,0.0031951566,0.034892112,0.012447306,0.003540945,0.024494426,,,0.04337279,,0.02856330559526893,4100.0,0.001085092785031814,0.0032954654632053643,False,True,True,False,True,False,False
0.04256729595656871,0.039330973040496486,0.16486506,0.03541991,0.025822038,0.06426354,0.03037617,0.030647855,0.019023966,0.05373577,0.028716898,0.043736745,0.040317513,0.01839821,0.020806227,0.040855236,0.013331721,0.018313345,0.009302024,0.014203489,0.06331001,0.013346599,0.009401257,0.040692247,0.003583201,0.0042316397,0.011051524,0.011267843,0.0092846695,0.03315296,0.0066439337,0.0027247942,0.039495826,0.0034035146,0.0045080734,0.02721942,,0.044546794,,,0.05075784187898624,3150.0,0.0018270440093899269,0.003333087893493258,False,True,True,False,False,True,False
0.03697147023903272,0.034839279252042256,0.16505495,0.029193914,0.01744608,0.02770805,0.035821296,0.046185885,0.004190103,0.057056077,0.0015646394,0.045738637,0.036666207,0.006443695,0.016888505,0.04546532,0.0041064327,0.026013782,0.011122994,0.0035071422,0.082967654,0.0067259753,0.0022148162,0.02964593,0.004232648,0.0032958935,0.010951525,0.00954518,0.0045811376,0.041564673,0.00579898,0.0028658374,0.038717788,0.003535329,0.0036938232,0.049638875,,,,0.119850196,0.05735598271013944,4050.0,0.0012205668248636335,0.001631517550278184,False,True,True,False,False,False,True
