cv_rmse,test_source_dik_rmse,test_target_dik_rmse,test_source_ewe_rmse,test_target_ewe_rmse,test_source_fao_rmse,test_target_fao_rmse,test_source_hne_rmse,test_target_hne_rmse,test_source_kin_rmse,test_target_kin_rmse,test_source_kir_rmse,test_target_kir_rmse,test_source_lmo_rmse,test_target_lmo_rmse,test_source_mri_rmse,test_target_mri_rmse,test_source_sna_rmse,test_target_sna_rmse,test_source_tat_rmse,test_target_tat_rmse,test_source_tuk_rmse,test_target_tuk_rmse,test_source_rmse,test_target_rmse,cv_rmse_se,test_source_dik_rmse_se,test_target_dik_rmse_se,test_source_ewe_rmse_se,test_target_ewe_rmse_se,test_source_fao_rmse_se,test_target_fao_rmse_se,test_source_hne_rmse_se,test_target_hne_rmse_se,test_source_kin_rmse_se,test_target_kin_rmse_se,test_source_kir_rmse_se,test_target_kir_rmse_se,test_source_lmo_rmse_se,test_target_lmo_rmse_se,test_source_mri_rmse_se,test_target_mri_rmse_se,test_source_sna_rmse_se,test_target_sna_rmse_se,test_source_tat_rmse_se,test_target_tat_rmse_se,test_source_tuk_rmse_se,test_target_tuk_rmse_se,train_is_seen,nlperf_only,dataset_features,lang_features,with_trfm,with_small100_ft,with_small100_noft,with_model_noft,test_source_sin_rmse,test_target_sin_rmse,test_source_amh_rmse,test_target_amh_rmse,test_source_tgl_rmse,test_target_tgl_rmse,test_source_arz_rmse,test_target_arz_rmse,test_source_kaz_rmse,test_target_kaz_rmse,test_source_zul_rmse,test_target_zul_rmse,test_source_mar_rmse,test_target_mar_rmse,test_source_hye_rmse,test_target_hye_rmse,test_source_xho_rmse,test_target_xho_rmse,test_source_kan_rmse,test_target_kan_rmse,test_source_mya_rmse,test_target_mya_rmse,test_source_jav_rmse,test_target_jav_rmse,test_source_tam_rmse,test_target_tam_rmse,test_source_afr_rmse,test_target_afr_rmse,test_source_ind_rmse,test_target_ind_rmse,test_source_som_rmse,test_target_som_rmse,test_source_yor_rmse,test_target_yor_rmse,test_source_wol_rmse,test_target_wol_rmse,test_source_bel_rmse,test_target_bel_rmse,test_source_cym_rmse,test_target_cym_rmse,test_source_ssw_rmse,test_target_ssw_rmse,test_source_guj_rmse,test_target_guj_rmse,test_source_khm_rmse,test_target_khm_rmse,test_source_bak_rmse,test_target_bak_rmse,test_source_plt_rmse,test_target_plt_rmse,test_source_kat_rmse,test_target_kat_rmse,test_source_hau_rmse,test_target_hau_rmse,test_source_pan_rmse,test_target_pan_rmse,test_source_ceb_rmse,test_target_ceb_rmse,test_source_oci_rmse,test_target_oci_rmse,test_source_snd_rmse,test_target_snd_rmse,test_source_ltz_rmse,test_target_ltz_rmse,test_source_ibo_rmse,test_target_ibo_rmse,test_source_sin_rmse_se,test_target_sin_rmse_se,test_source_amh_rmse_se,test_target_amh_rmse_se,test_source_tgl_rmse_se,test_target_tgl_rmse_se,test_source_arz_rmse_se,test_target_arz_rmse_se,test_source_kaz_rmse_se,test_target_kaz_rmse_se,test_source_zul_rmse_se,test_target_zul_rmse_se,test_source_mar_rmse_se,test_target_mar_rmse_se,test_source_hye_rmse_se,test_target_hye_rmse_se,test_source_xho_rmse_se,test_target_xho_rmse_se,test_source_kan_rmse_se,test_target_kan_rmse_se,test_source_mya_rmse_se,test_target_mya_rmse_se,test_source_jav_rmse_se,test_target_jav_rmse_se,test_source_tam_rmse_se,test_target_tam_rmse_se,test_source_afr_rmse_se,test_target_afr_rmse_se,test_source_ind_rmse_se,test_target_ind_rmse_se,test_source_som_rmse_se,test_target_som_rmse_se,test_source_yor_rmse_se,test_target_yor_rmse_se,test_source_wol_rmse_se,test_target_wol_rmse_se,test_source_bel_rmse_se,test_target_bel_rmse_se,test_source_cym_rmse_se,test_target_cym_rmse_se,test_source_ssw_rmse_se,test_target_ssw_rmse_se,test_source_guj_rmse_se,test_target_guj_rmse_se,test_source_khm_rmse_se,test_target_khm_rmse_se,test_source_bak_rmse_se,test_target_bak_rmse_se,test_source_plt_rmse_se,test_target_plt_rmse_se,test_source_kat_rmse_se,test_target_kat_rmse_se,test_source_hau_rmse_se,test_target_hau_rmse_se,test_source_pan_rmse_se,test_target_pan_rmse_se,test_source_ceb_rmse_se,test_target_ceb_rmse_se,test_source_oci_rmse_se,test_target_oci_rmse_se,test_source_snd_rmse_se,test_target_snd_rmse_se,test_source_ltz_rmse_se,test_target_ltz_rmse_se,test_source_ibo_rmse_se,test_target_ibo_rmse_se
10.35683243698906,3.4179791892349685,4.9198951255182,3.1231434084205825,1.808088502593694,11.060978877495064,18.051373816496596,12.424102946899746,10.034932310924088,6.0135517322659435,21.425968016711614,5.910312024025915,4.619324741431742,6.322524514789487,7.416643218030184,37.836906737306045,26.64679678975377,9.837903466542638,8.70689854988603,3.907852351525597,14.423625968624824,8.712982896842465,5.811417347801691,9.869839831395312,11.260451307979313,0.017769949554416246,2.2903984412585792e-15,1.3173814904902171e-15,7.160723346098896e-16,1.8066300106418957e-15,5.329070518200751e-15,5.944827041546401e-15,2.383232787117382e-15,2.2469334198890887e-15,1.3759600911837627e-15,2.2469334198890887e-15,8.881784197001252e-16,1.538370149106851e-15,2.448538927540195e-15,2.998835493907516e-15,4.04448015580036e-14,3.749754228567429e-14,0.0,1.7763568394002505e-15,7.944109290391273e-16,1.3759600911837627e-15,0.0,0.0,True,True,False,False,False,False,False,False,,,,,,,,,,,,,,,,,,,,,,,,,,,,,,,,,,,,,,,,,,,,,,,,,,,,,,,,,,,,,,,,,,,,,,,,,,,,,,,,,,,,,,,,,,,,,,,,,,,,,,,,,,,,,,,,,,,,,,,,,,,,,,,,,,,,
4.34758769731515,1.7452238111544869,3.3258661224580877,1.7829852817004148,0.9877160617141367,3.3013247731908377,2.247779515295412,11.547346887663362,2.134009517849924,3.747997765190527,2.832359453934361,2.613403558962729,11.321131382146536,7.226570681401739,2.274922934042137,2.7411209033064865,3.515615962319031,2.416000536787674,3.9555766218817587,2.3976284121711013,2.5583849078394127,8.264552208070088,4.8365901928662405,4.34401407450904,3.6354502429406397,0.012564525487800128,2.572269589786661e-15,2.0734733982992198e-15,3.4812175537386046e-15,2.9192743904463215e-15,3.190032237666424e-15,3.2934537262255428e-15,2.6347629809804343e-15,7.554739339827696e-15,4.0017341710796505e-15,4.323887539441559e-15,1.4862067603866002e-15,1.5888218580782547e-15,2.7804382516369457e-15,1.5511369252661372e-15,2.2556934274576247e-15,4.941178504829623e-15,1.2080532582046504e-15,1.7763568394002505e-15,9.315293853352739e-16,1.5637994776137817e-15,2.5121479338940403e-15,9.729507111180987e-16,True,False,True,True,True,True,True,True,,,,,,,,,,,,,,,,,,,,,,,,,,,,,,,,,,,,,,,,,,,,,,,,,,,,,,,,,,,,,,,,,,,,,,,,,,,,,,,,,,,,,,,,,,,,,,,,,,,,,,,,,,,,,,,,,,,,,,,,,,,,,,,,,,,,
10.259279020330805,3.2762182432167606,4.003744410826037,3.520966456184381,5.972558985034294,5.283303859048559,6.217749291231219,11.907362460532713,5.590301909208293,16.4361624912684,16.303395945697623,9.611687375842084,5.3536474682796085,5.768792770880398,7.871457961223723,7.9202679276662264,8.5699772943499,5.45858570590678,6.015646899055438,7.722317043347672,11.576420952825003,4.533146816242719,12.009600559864392,7.403528286376064,8.13495469796323,0.04141927950576261,7.691850745534255e-16,2.480547330877581e-15,1.1749496091904413e-15,1.820224107610997e-15,2.1018137570293106e-15,1.6377200852866891e-15,2.1018137570293106e-15,2.561282352224747e-14,5.0242958677880805e-15,5.0242958677880805e-15,2.7519201823675253e-15,6.4047456679787536e-15,3.5080236774354565e-15,2.4161065164093008e-15,1.6852000649168164e-15,2.5121479338940403e-15,1.0509068785146553e-15,1.9860273225978185e-15,1.5888218580782547e-15,2.1018137570293106e-15,2.480547330877581e-15,2.383232787117382e-15,True,False,True,False,False,False,False,False,,,,,,,,,,,,,,,,,,,,,,,,,,,,,,,,,,,,,,,,,,,,,,,,,,,,,,,,,,,,,,,,,,,,,,,,,,,,,,,,,,,,,,,,,,,,,,,,,,,,,,,,,,,,,,,,,,,,,,,,,,,,,,,,,,,,
11.567082265505828,6.294728875208783,9.183284230179403,6.5439739029048924,4.6151798249927545,17.24397240121211,21.15356211342036,9.86598635278192,11.413919364058303,6.697332953432931,22.55685202190465,8.769619956918511,6.39737337786579,7.281444875210741,12.00617223729702,29.001993463127512,24.30641295777788,12.979155322504933,11.159794908803123,5.722650083127343,13.445790561274325,10.241953451892677,5.9606206857613255,10.96752833075658,12.927178389394085,0.014727070930396508,1.0509068785146553e-15,7.944109290391273e-16,1.0509068785146553e-15,3.9720546451956367e-16,3.1776437161565094e-15,3.1776437161565094e-15,5.783398860650275e-15,4.961094661755162e-15,8.881784197001252e-16,0.0,7.944109290391273e-16,1.3173814904902171e-15,2.1390168887322674e-15,3.462756959325817e-15,9.26434382393303e-15,8.407255028117242e-15,1.7763568394002505e-15,7.944109290391273e-16,1.4862067603866002e-15,0.0,0.0,6.879800455918813e-16,True,False,False,True,False,False,False,False,,,,,,,,,,,,,,,,,,,,,,,,,,,,,,,,,,,,,,,,,,,,,,,,,,,,,,,,,,,,,,,,,,,,,,,,,,,,,,,,,,,,,,,,,,,,,,,,,,,,,,,,,,,,,,,,,,,,,,,,,,,,,,,,,,,,
9.000379665328344,3.0625452654793626,4.063653345489746,3.4602967815896917,5.0912902519464085,13.865088958599495,17.796043793518386,15.488953683115062,8.851112784753976,9.918818814135715,17.576305954277313,3.3465850828773815,4.237214358912235,5.711577623202053,7.209204698933485,28.53314249278238,23.43277164866321,7.543777565309554,6.2471254579706095,5.569734068803184,12.16655150071694,3.9333020182261413,7.113631843254008,9.130347486738183,10.34408233076694,0.028255508639952548,1.5888218580782547e-15,3.462756959325817e-15,4.864753555590494e-16,4.031195188471137e-15,6.204547701064549e-15,6.925513918651634e-15,6.5508803411467564e-15,1.432144669219779e-14,5.0242958677880805e-15,2.2469334198890887e-15,3.932133484805905e-15,6.902695029866893e-15,5.29938187205527e-15,4.333000062804071e-15,2.738126009375846e-14,2.4562589853536003e-14,1.2560739669470201e-15,7.944109290391273e-16,2.063940136775644e-15,2.9724135207732003e-15,1.0695084443661337e-15,4.929190185091986e-15,True,False,True,True,False,False,False,False,,,,,,,,,,,,,,,,,,,,,,,,,,,,,,,,,,,,,,,,,,,,,,,,,,,,,,,,,,,,,,,,,,,,,,,,,,,,,,,,,,,,,,,,,,,,,,,,,,,,,,,,,,,,,,,,,,,,,,,,,,,,,,,,,,,,
7.10757410866929,2.9521492737814374,2.3507638092423617,2.7624037452040135,1.9579102244287434,2.9099093023608553,2.6270000958600495,14.464125719734046,8.963244501527857,9.115310259422184,10.696338631363469,8.592389957196216,11.56699885334626,7.415232660477453,6.663881258500649,7.303092901844671,3.3858858014462614,3.2773784108842827,4.410103251180219,5.312501316861264,4.537188470110928,8.14696642826441,7.676354313371862,6.56831454327553,5.89415174639806,0.03118092434703206,7.431033801933001e-16,2.3997259443764378e-15,6.879800455918813e-16,3.793000231870307e-15,9.101120538054985e-16,1.2716779685529958e-15,3.370400129833633e-15,8.369638485838313e-15,2.1018137570293106e-15,5.387957062944473e-15,3.640448215221994e-15,5.148371239083872e-15,2.1018137570293106e-15,4.165926057296536e-15,2.6939785314722364e-15,1.6134562241441008e-15,2.3582767822730506e-15,1.5888218580782547e-15,1.0509068785146553e-15,8.881784197001252e-16,3.552713678800501e-15,1.9860273225978185e-15,True,False,True,False,True,False,False,False,,,,,,,,,,,,,,,,,,,,,,,,,,,,,,,,,,,,,,,,,,,,,,,,,,,,,,,,,,,,,,,,,,,,,,,,,,,,,,,,,,,,,,,,,,,,,,,,,,,,,,,,,,,,,,,,,,,,,,,,,,,,,,,,,,,,
7.3020484760024,3.378765076184515,4.64353379282534,5.218766557938922,3.2438078566105775,10.958278418275274,14.711333150000211,14.30663040623836,5.6523768952778,2.65771398969878,11.297356295287235,1.6502875614594323,11.209404443585528,7.935704634440232,8.235237819055929,9.392644909250937,9.075946489068278,4.645936396181807,6.277435495694495,3.988875649995182,4.972523976837714,9.716422030315766,5.475495110319653,6.713638693634474,7.708586484051159,0.017274629794818357,1.4183071981462902e-15,3.152720635543966e-15,1.1234667099445444e-15,1.1580429779916288e-15,2.5121479338940403e-15,1.9459014222361975e-15,6.646518689688359e-15,3.8510498592143704e-15,1.7540118387177282e-15,6.4047456679787536e-15,1.8147986883667634e-15,3.809860975949991e-15,1.1234667099445444e-15,3.2754401705733782e-15,5.2695259619608686e-15,3.640448215221994e-15,4.278033777464535e-15,2.3160859559832576e-15,9.729507111180987e-16,1.6852000649168164e-15,2.383232787117382e-15,8.881784197001252e-16,True,False,False,True,True,False,False,False,,,,,,,,,,,,,,,,,,,,,,,,,,,,,,,,,,,,,,,,,,,,,,,,,,,,,,,,,,,,,,,,,,,,,,,,,,,,,,,,,,,,,,,,,,,,,,,,,,,,,,,,,,,,,,,,,,,,,,,,,,,,,,,,,,,,
6.389122519962892,2.6201534741225063,2.6090826372323637,2.413913570327338,1.626989499986292,8.124891805883356,11.713695315964706,15.830641660632157,5.51686791577405,4.944853572780877,13.26515082862827,4.57350865635667,9.579826159294667,6.087327745326961,7.586776034781829,18.858552044031672,14.588259782402497,3.1311728047190526,4.735094671084591,3.946525378659506,3.7753305693394745,7.35292726813673,6.063122428709939,7.080406180088802,7.369108713018061,0.021882373441360976,1.2242694637700976e-15,2.737549743767154e-15,6.280369834735101e-16,3.52764521740232e-15,1.7763568394002505e-15,3.462756959325817e-15,6.0500533883805474e-15,6.799062365205315e-15,4.4230928601467425e-15,6.5508803411467564e-15,2.945754565036118e-15,4.766465574234764e-15,3.1022738505322743e-15,3.152720635543966e-15,1.4734127769122352e-14,1.2685725232129475e-14,2.044740276336181e-15,1.4321446692197793e-15,2.082963028648268e-15,2.7875221822304778e-15,9.729507111180987e-16,1.0509068785146553e-15,True,False,True,True,True,False,False,False,,,,,,,,,,,,,,,,,,,,,,,,,,,,,,,,,,,,,,,,,,,,,,,,,,,,,,,,,,,,,,,,,,,,,,,,,,,,,,,,,,,,,,,,,,,,,,,,,,,,,,,,,,,,,,,,,,,,,,,,,,,,,,,,,,,,
5.084615418289512,1.4306548069320972,3.5630332722264924,0.8126267749801057,1.96703637945253,4.703336174149608,1.7471644666605102,11.305269960270376,1.0754989541072089,4.751632446327767,6.2612942310126005,2.847437281944435,11.271730682213917,6.79877880326489,2.2038793545177375,2.453562835957091,2.62947387545371,3.089294356332947,3.492199654585523,2.7953162413466095,1.9000775689979335,9.093143394596018,4.990333921291266,4.552823006918359,3.736520214592676,0.012523225496243262,1.6042626665492004e-15,2.642237500908265e-15,1.4174378709434725e-15,2.4665947643496394e-15,1.4862067603866002e-15,1.6616296724220897e-15,4.351167857633658e-15,7.355007585008386e-15,4.184819242919156e-15,7.904288942941303e-15,1.976072235735326e-15,2.5121479338940403e-15,2.448538927540195e-15,2.2556934274576247e-15,1.1580429779916288e-15,1.012679207245471e-15,2.8642893384395585e-15,1.1408858372399359e-15,1.538370149106851e-15,2.3224634420047753e-15,2.9724135207732003e-15,2.8916994303251374e-15,True,False,True,False,False,True,False,False,,,,,,,,,,,,,,,,,,,,,,,,,,,,,,,,,,,,,,,,,,,,,,,,,,,,,,,,,,,,,,,,,,,,,,,,,,,,,,,,,,,,,,,,,,,,,,,,,,,,,,,,,,,,,,,,,,,,,,,,,,,,,,,,,,,,
5.380524254181496,2.2606757603052237,4.842254002993208,2.755880301863259,1.2797914045356005,7.259294872507354,5.417675257620926,12.927957313939762,3.654155249839718,8.541553064750136,4.775260602259406,1.507198224363232,10.321098324316429,3.223205490862944,2.105484405452837,4.772662172396361,5.14807628459403,3.08020107517162,3.7089064747614606,1.9076624024081426,1.8236461681574412,11.148953120196765,7.609721203820657,5.398658527160436,4.6078244889410644,0.0050690819192380585,1.7763568394002505e-15,1.6377200852866891e-15,1.8945493181111977e-15,9.101120538054985e-16,2.3160859559832576e-15,1.2560739669470201e-15,1.7763568394002505e-15,1.6852000649168164e-15,1.3759600911837627e-15,5.039972336046755e-15,5.347542221830668e-16,1.7763568394002505e-15,1.576360317771983e-15,9.101120538054985e-16,3.5304393922700312e-15,2.448538927540195e-15,4.440892098500626e-16,9.315293853352739e-16,5.254534392573277e-16,6.040266291023252e-16,1.3759600911837627e-15,1.0509068785146553e-15,True,False,False,True,False,True,False,False,,,,,,,,,,,,,,,,,,,,,,,,,,,,,,,,,,,,,,,,,,,,,,,,,,,,,,,,,,,,,,,,,,,,,,,,,,,,,,,,,,,,,,,,,,,,,,,,,,,,,,,,,,,,,,,,,,,,,,,,,,,,,,,,,,,,
4.904648123161037,1.4501433822890883,3.7572886995648425,1.5595683711216104,1.4286584223771284,5.830425503922177,4.023361793002117,12.460795088929435,3.9437648646577896,5.0130057535391455,3.545791267089784,2.548735940484356,10.609754360587706,6.6259943264943715,1.8527195676671298,10.330572185824712,12.335007764886484,2.6968693458349926,3.4092058695750174,2.905260539248195,1.8336752957176619,9.573163461085034,5.675454114347878,5.5449576271611924,4.764971092679413,0.012282277810909556,1.9100999153570945e-15,2.1297770317619676e-15,8.308148362110449e-16,8.426000324584082e-16,2.9188521333542966e-15,2.448538927540195e-15,4.961094661755162e-15,1.324249897982367e-14,4.6151104473205536e-15,6.336641072030946e-15,2.8504854540545233e-15,4.127880273551288e-15,2.8366143962925803e-15,6.734946328680591e-16,5.387957062944473e-15,6.646518689688359e-15,1.8945493181111977e-15,8.188600426433446e-16,9.729507111180987e-16,1.0077987971177842e-15,3.891802844472395e-15,4.2223520054579615e-15,True,False,True,True,False,True,False,False,,,,,,,,,,,,,,,,,,,,,,,,,,,,,,,,,,,,,,,,,,,,,,,,,,,,,,,,,,,,,,,,,,,,,,,,,,,,,,,,,,,,,,,,,,,,,,,,,,,,,,,,,,,,,,,,,,,,,,,,,,,,,,,,,,,,
8.076500037364202,3.567838427555176,6.123539649138651,4.2114589481646085,4.103309501410245,6.272431707546827,7.247842571464361,5.816048076060829,5.693801119972837,8.760806255199217,17.252560234239006,3.489116559292788,6.774897589646015,6.999179025317939,3.733854644244848,7.3636649770239355,10.318898613372426,9.5705696540246,7.60640710296571,4.811170665186731,11.270406290378624,4.40792541787265,6.4047822119233215,5.933655428476846,7.866390866250549,0.027287010061507452,1.2716779685529958e-15,1.0509068785146553e-15,5.617333549722722e-16,1.538370149106851e-15,3.4168906036440464e-15,1.8630587706705477e-15,2.1390168887322674e-15,1.71673653829168e-14,4.050716828981884e-15,2.2469334198890887e-15,1.576360317771983e-15,2.9724135207732003e-15,3.1776437161565094e-15,2.8711663935689226e-15,2.025358414490942e-15,1.1234667099445444e-15,2.6347629809804343e-15,1.538370149106851e-15,1.3759600911837627e-15,1.3759600911837627e-15,1.5888218580782547e-15,3.3232593448441795e-15,True,False,True,False,False,False,True,False,,,,,,,,,,,,,,,,,,,,,,,,,,,,,,,,,,,,,,,,,,,,,,,,,,,,,,,,,,,,,,,,,,,,,,,,,,,,,,,,,,,,,,,,,,,,,,,,,,,,,,,,,,,,,,,,,,,,,,,,,,,,,,,,,,,,
10.487778139391304,7.3652812594592465,10.902591615328664,8.293885451282913,5.7871430226527965,11.043315028983596,10.345697322244154,4.675713129959716,6.365349455372176,7.010460320176267,22.739435252584883,6.432365207027783,4.9604385189286955,3.675807288398577,5.435324034068011,11.862335654868907,14.94000552901181,15.007890693993764,13.177557275929772,4.633891492756046,13.211824329796002,9.900268939872253,5.128224404476135,8.172837678798096,10.27214461458119,0.009121890323393394,1.9049304879749955e-15,3.076740298213702e-15,1.9459014222361975e-15,1.7313784796629085e-15,0.0,1.7763568394002505e-15,5.617333549722722e-16,6.879800455918813e-16,0.0,0.0,8.881784197001252e-16,2.448538927540195e-15,7.160723346098896e-16,2.2817716744798718e-15,2.6347629809804343e-15,1.7763568394002505e-15,2.1018137570293106e-15,1.9459014222361975e-15,1.0509068785146553e-15,1.7763568394002505e-15,1.1234667099445444e-15,0.0,True,False,False,True,False,False,True,False,,,,,,,,,,,,,,,,,,,,,,,,,,,,,,,,,,,,,,,,,,,,,,,,,,,,,,,,,,,,,,,,,,,,,,,,,,,,,,,,,,,,,,,,,,,,,,,,,,,,,,,,,,,,,,,,,,,,,,,,,,,,,,,,,,,,
7.897709199766416,4.036539410337414,5.67581421225085,4.561503363187869,3.8315126809190305,8.734093672120611,9.83650893988613,7.685262643534978,4.329199496034259,7.684882731992515,17.711234286448573,2.2371421748878517,5.649501232292778,6.743748463825914,3.9301825427390646,12.98452194846109,11.746746913780694,9.833840197196784,7.51731289501277,4.947214020204007,11.66781001699853,4.851315012090455,5.141264893285229,6.754551239803589,7.912462555422536,0.025502905080947096,2.2115464300733712e-15,2.808666774861361e-15,1.7313784796629085e-15,3.4684476073050936e-15,4.4230928601467425e-15,4.5635433489597435e-15,2.4161065164093008e-15,1.3399430660602795e-14,2.3498992183808826e-15,2.7519201823675253e-15,1.6852000649168164e-15,4.597985674175499e-15,3.809860975949991e-15,4.127880273551288e-15,1.3293037379376718e-14,7.409771859064381e-15,1.3759600911837627e-15,1.191616393558691e-15,1.0509068785146553e-15,1.7763568394002505e-15,1.1234667099445444e-15,8.881784197001252e-16,True,False,True,True,False,False,True,False,,,,,,,,,,,,,,,,,,,,,,,,,,,,,,,,,,,,,,,,,,,,,,,,,,,,,,,,,,,,,,,,,,,,,,,,,,,,,,,,,,,,,,,,,,,,,,,,,,,,,,,,,,,,,,,,,,,,,,,,,,,,,,,,,,,,
5.017470793358508,1.5341928780416005,3.698797349059067,1.2114087297164209,1.990698656260508,4.771180604520354,1.6450344774232821,10.618230381048196,0.7842358515045564,4.373253467144525,3.6601894688508745,2.923445128832791,11.171520955206917,7.0605054981740665,2.3148031428448728,2.768317535598296,1.7165969330713655,2.4956300612903144,3.5394667186323936,2.867274133729148,1.5613974239334762,8.973596179077445,4.733424895344599,4.508821327015742,3.34692417019381,0.014284712961408968,2.799875933971683e-15,3.6674348575016645e-15,1.7370644669874432e-15,2.3976705042182346e-15,2.1018137570293106e-15,1.0509068785146553e-15,3.640448215221994e-15,8.736827418545485e-15,4.108725273333525e-15,7.190954897455367e-15,2.7804382516369457e-15,3.7261175413410954e-15,1.191616393558691e-15,1.576360317771983e-15,2.333053845504853e-15,1.9459014222361975e-15,2.535589946649743e-15,8.656892398314543e-16,2.6645352591003757e-15,4.762326219937489e-16,3.370400129833633e-15,2.9188521333542966e-15,True,False,True,False,False,True,True,False,,,,,,,,,,,,,,,,,,,,,,,,,,,,,,,,,,,,,,,,,,,,,,,,,,,,,,,,,,,,,,,,,,,,,,,,,,,,,,,,,,,,,,,,,,,,,,,,,,,,,,,,,,,,,,,,,,,,,,,,,,,,,,,,,,,,
5.393448910966267,2.1761712901672787,4.753024402846417,2.6773905558443616,1.224385609941739,7.240693882095601,5.457423309784045,12.989918513085076,3.765532195984523,8.530569671453508,4.776929281132977,1.507250409526534,10.329446767608129,3.2421314159381067,2.172000681000479,4.877400670260622,5.2699177870346,3.0814436748939222,3.65757065712497,1.8686675017653869,1.7826196537041235,11.132505513442974,7.5945039864646775,5.393103918043033,4.6166685756933346,0.007216524224716718,5.4534444277751785e-15,6.49039076934525e-15,5.645350349706285e-15,2.3478001565788814e-15,2.2469334198890887e-15,3.0509930648246218e-15,6.153480596427404e-15,5.398926786678662e-15,2.1018137570293106e-15,8.24619973260721e-15,3.4399002279594067e-16,3.370400129833633e-15,1.3023252075519292e-15,2.383232787117382e-15,1.9049304879749955e-15,2.2469334198890887e-15,1.6134562241441008e-15,2.5665129180651804e-15,1.7652196961350156e-15,1.8604104981581858e-15,7.944109290391273e-16,1.9860273225978185e-15,True,False,False,True,False,True,True,False,,,,,,,,,,,,,,,,,,,,,,,,,,,,,,,,,,,,,,,,,,,,,,,,,,,,,,,,,,,,,,,,,,,,,,,,,,,,,,,,,,,,,,,,,,,,,,,,,,,,,,,,,,,,,,,,,,,,,,,,,,,,,,,,,,,,
4.908817253922147,1.5105169656751918,3.768237592540365,1.5984033651874154,1.5552107404726874,5.5607443967570775,3.5282951814091503,11.967221814812753,3.8381620672790575,4.797587600511993,2.736902727195649,2.6253180612226537,10.643462565199247,6.850461125533863,1.9775083466297982,8.881833132439063,10.819611062476383,2.593439171088724,3.446631218390668,2.957952048246879,1.8051540242648296,9.455254455311394,5.483339481644937,5.3453392851624555,4.5093195461366165,0.017447067353476564,2.7537112142410607e-15,3.7261175413410954e-15,2.240340935989138e-15,2.945754565036118e-15,1.9049304879749955e-15,2.2903984412585792e-15,4.8322130328186015e-15,5.756054031998179e-15,2.6645352591003757e-15,5.521727445898802e-15,2.4079301595715847e-15,1.7763568394002505e-15,2.175583928816829e-15,1.4217791915866692e-15,2.8642893384395585e-15,2.5121479338940403e-15,2.2026108523997657e-15,1.8945493181111977e-15,1.576360317771983e-15,1.5888218580782547e-15,2.5121479338940403e-15,3.2512668500080947e-15,True,False,True,True,False,True,True,False,,,,,,,,,,,,,,,,,,,,,,,,,,,,,,,,,,,,,,,,,,,,,,,,,,,,,,,,,,,,,,,,,,,,,,,,,,,,,,,,,,,,,,,,,,,,,,,,,,,,,,,,,,,,,,,,,,,,,,,,,,,,,,,,,,,,
7.966926193986042,3.2643375500062355,5.485330211137313,4.043262926389033,3.7895613089993576,5.575687386444524,5.299907081807888,6.3510332359247625,5.28684342810727,9.197847745687877,17.520998293309894,2.4601914095544073,5.240211208220144,9.530147314900853,3.109753432172154,7.41722512907869,10.304210658124363,9.46427895101888,7.172123454348958,4.730494441900143,11.420155318041296,4.31956929673162,5.992338239741305,6.0321886716033655,7.329221148546358,0.03132211314792147,1.0877919644084146e-15,1.0509068785146553e-15,1.6852000649168164e-15,6.143858259662687e-15,2.448538927540195e-15,1.5888218580782547e-15,3.4399002279594067e-15,2.274499904691006e-14,2.5121479338940403e-15,2.2469334198890887e-15,1.1580429779916288e-15,2.945754565036118e-15,2.1018137570293106e-15,4.127880273551288e-15,1.9049304879749955e-15,2.8642893384395585e-15,2.8642893384395585e-15,1.7313784796629085e-15,1.0509068785146553e-15,1.5888218580782547e-15,2.383232787117382e-15,3.76822190084106e-15,True,False,True,False,False,False,False,True,,,,,,,,,,,,,,,,,,,,,,,,,,,,,,,,,,,,,,,,,,,,,,,,,,,,,,,,,,,,,,,,,,,,,,,,,,,,,,,,,,,,,,,,,,,,,,,,,,,,,,,,,,,,,,,,,,,,,,,,,,,,,,,,,,,,
10.483562509826251,7.7394752894628684,10.830017877544323,8.507641111610457,5.824265071349231,5.31843102174583,6.332862404885164,5.906427551584514,6.822287755319984,7.044161402411457,22.547193621537737,7.226225254226934,4.862820189348037,5.481052158429868,5.047288583010019,10.74299315641808,15.609379118744176,14.968219994814044,12.954223212809563,5.137394364765805,13.25805662744664,9.745520159497278,5.459514932344461,7.983412860451559,9.958900854030848,0.009660115357739637,1.820224107610997e-15,1.7763568394002505e-15,1.9459014222361975e-15,1.3759600911837627e-15,1.7313784796629085e-15,2.1390168887322674e-15,1.2560739669470201e-15,1.4862067603866002e-15,8.881784197001252e-16,0.0,6.879800455918813e-16,2.025358414490942e-15,3.9720546451956367e-16,2.4161065164093008e-15,1.5888218580782547e-15,1.7763568394002505e-15,1.5888218580782547e-15,2.1018137570293106e-15,9.729507111180987e-16,1.1234667099445444e-15,2.383232787117382e-15,3.9720546451956367e-16,True,False,False,True,False,False,False,True,,,,,,,,,,,,,,,,,,,,,,,,,,,,,,,,,,,,,,,,,,,,,,,,,,,,,,,,,,,,,,,,,,,,,,,,,,,,,,,,,,,,,,,,,,,,,,,,,,,,,,,,,,,,,,,,,,,,,,,,,,,,,,,,,,,,
7.908320387356231,3.5045504784957173,5.3149152776997015,4.249672263691976,3.6950794856988316,5.298886615887129,6.579467226381825,7.387950367541107,4.279474535333248,8.888617949036512,17.74610843105748,1.9539097631327784,4.607143016433499,8.878291620014625,3.5567929339390227,8.71207813788963,9.265307939784178,9.454202898904141,7.108224750751546,4.882722227657177,11.367669815628178,4.143527474309622,6.1229728482333785,6.123128163323674,7.240286932812808,0.029568000287598054,2.4079301595715847e-15,1.8630587706705477e-15,3.0250266941902737e-15,5.4171602961534785e-15,1.820224107610997e-15,3.0509930648246218e-15,2.3160859559832576e-15,4.4938668397781774e-15,2.383232787117382e-15,5.0242958677880805e-15,2.0971169606407604e-15,5.7147914639249866e-15,4.766465574234764e-15,4.118313910115614e-15,1.9459014222361975e-15,1.5888218580782547e-15,3.076740298213702e-15,2.2817716744798718e-15,1.9049304879749955e-15,2.2469334198890887e-15,9.729507111180987e-16,2.063940136775644e-15,True,False,True,True,False,False,False,True,,,,,,,,,,,,,,,,,,,,,,,,,,,,,,,,,,,,,,,,,,,,,,,,,,,,,,,,,,,,,,,,,,,,,,,,,,,,,,,,,,,,,,,,,,,,,,,,,,,,,,,,,,,,,,,,,,,,,,,,,,,,,,,,,,,,
16.414519871745608,,,,,,,,,,,,,,,,,,,,,,,31.829146894510416,342.79648235799453,0.6550151044100078,,,,,,,,,,,,,,,,,,,,,,,False,True,False,False,False,False,False,False,9.977292340264675,13.118797439852727,11.906968465261269,10425.657916863533,13.867409486664787,10.2483382105718,5.039472805480905,3.4924049886076167,20.025668008661082,9.388920087008428,11.892677705716846,4.710141537479491,16.529498625481885,50.87698654504615,11.784982750168055,9.888006323934098,13.136741069357196,11.668848465052633,8.625662991121184,8.461080577694872,7.269644566000631,73.04307359093403,7.60686607535339,5.882598134283918,11.569056565781796,20.32886076175829,32.24249008586648,27.60719442691323,146.2563823217477,34.807190209069745,14.265668095454435,27.868528508775476,4.683338266617912,6.147076373060285,3.444252945536049,4.988469302663008,62.622108537789885,264.7006857049155,16.67047126004791,9.79409062091671,14.817459373254788,8.010352110023934,9.570920315639459,13.512185575695636,11.083550403445999,18.850694561702436,18.552748175974976,9.334410034058092,9.821470208679361,13.886371293279797,457.55531678036243,12.720235346779372,27.87880990635768,24.264691741156753,15.42825773153196,14.286283423073323,10.938266040415659,12.181130608859206,21.579856785980066,15.776721158212208,8.417760211640354,138.78882389924104,4.692669979007478,1.3347831601219347,10.608108638179438,6.658026229544393,8.369638485838313e-15,2.1018137570293106e-15,8.293893593196879e-15,1.479991304717841e-11,4.699798436761765e-15,4.127880273551288e-15,3.747228857827342e-15,9.34910628340956e-15,8.639743879052956e-14,4.050716828981884e-15,3.640448215221994e-15,3.9720546451956367e-16,9.26434382393303e-15,7.287827318667771e-14,3.891802844472395e-15,5.728578676879117e-15,1.2229800800908567e-14,8.51910812704787e-15,1.5888218580782547e-15,3.076740298213702e-15,9.565974336450906e-15,1.016845989170083e-13,1.1498395006045043e-14,1.5036207481820075e-14,1.3736649101176968e-14,2.497029554263801e-14,7.78360568894479e-15,8.846185720293485e-15,4.568740063725753e-13,5.6128378838967304e-14,8.666000125608142e-15,9.481153825972065e-14,8.312894519802391e-15,3.912020138149551e-15,3.8612784293129035e-15,5.742332787137845e-15,1.7459699233559725e-13,4.0274675447832016e-13,1.790511300946797e-14,2.5121479338940403e-15,4.632171911966515e-15,3.462756959325817e-15,6.5025337000161895e-15,1.618338099821468e-14,1.1234667099445444e-15,3.552713678800501e-15,8.706685795876543e-14,7.661021560369302e-15,4.4938668397781774e-15,6.598872780119333e-15,5.025292589223289e-12,3.3825491229730215e-14,9.747651938393186e-14,1.1007680729470101e-14,5.387957062944473e-15,6.5508803411467564e-15,1.7745795934931404e-14,9.298341530198969e-15,3.891802844472395e-15,2.7519201823675253e-15,1.2178088937988185e-14,2.025732292305004e-13,7.722556858625807e-15,2.7411494162540897e-15,3.552713678800501e-15,2.063940136775644e-15
4.821584564667932,,,,,,,,,,,,,,,,,,,,,,,6.316512302630277,86.8678745682087,0.413348172109075,,,,,,,,,,,,,,,,,,,,,,,False,False,True,True,True,True,True,True,5.510016565126891,11.115051107553285,3.8031468666323165,2418.5782588301963,4.415696433681997,4.562885643563812,1.7595312203171827,2.4420205176487464,6.592490402125016,5.636419564003322,7.7146383162419,4.5993072762002365,6.828981176747182,21.97800856901215,4.83255650000011,5.853249953606091,10.740173570633043,8.57294145963497,2.7521565530232235,10.26863484984927,3.400057366250993,27.506737301104728,2.658756091116704,2.2295198284599875,3.735845781406778,8.384242776310634,19.168529211064943,16.99325006349911,11.55445579341529,8.530215849330437,3.0979583900004832,6.970085309586433,1.3382841791513553,6.502995323145688,2.6623945509276274,7.998498683310496,20.967817944606328,82.39825901438988,14.259305843936868,10.701750096546656,5.437447881938605,9.444681532365461,5.242914267543066,9.667490538419848,5.694022680315602,10.924464257885704,5.168578572318634,3.7413771702858356,4.032213608698326,5.811060196592987,13.104397093163616,43.409436781613394,3.793144366659779,13.107886241609094,7.864930635597948,16.178500059155773,3.034895545258885,4.670283225555168,6.245635207741112,7.140708533120446,2.529856555742165,61.42748924144578,3.8804815484022086,4.002004681044534,4.6235952670129725,5.292146274840857,4.278033777464535e-15,1.2434497875801753e-14,2.5510982866352577e-15,8.10930691847125e-12,2.7519201823675253e-15,8.331852114593072e-15,1.5447667261737484e-15,4.6534107757984115e-15,4.5288390936029406e-15,1.0509068785146553e-14,2.945754565036118e-15,1.6377200852866891e-15,2.448538927540195e-15,2.7149799812125936e-14,2.6046504151038584e-15,2.3160859559832576e-15,5.728578676879117e-15,6.153480596427404e-15,1.1057732150366856e-15,1.6202867315927535e-14,3.4053274889133458e-15,4.729247760989704e-14,5.5962289032235066e-15,5.8072199629597514e-15,1.1580429779916288e-15,7.983731028902324e-15,6.925513918651634e-15,9.26434382393303e-15,3.3965131941377877e-14,1.2907649793152806e-14,2.7303361614164952e-15,2.025358414490942e-15,2.539475910533859e-15,5.700970908109047e-15,2.657123463772065e-15,3.830510780184651e-15,3.2831380429308645e-14,1.8820666276887215e-13,7.53644380168212e-15,3.640448215221994e-15,3.5304393922700312e-15,2.5121479338940403e-15,3.370400129833633e-15,9.433107129092202e-15,5.6732287925851606e-15,1.2332574043021639e-14,9.306821551596823e-15,2.2989928370877494e-15,2.175583928816829e-15,4.3147557709812356e-15,1.2660826826906275e-14,1.0183344202998018e-13,7.234702555144484e-15,7.944109290391273e-16,5.617333549722722e-15,2.824351513816025e-14,7.240152426015369e-15,5.87810408624076e-15,3.462756959325817e-15,4.333000062804071e-15,1.7540118387177282e-15,8.982114589491904e-14,5.0672894593602934e-15,1.4321446692197793e-15,5.194135438988726e-15,4.476278252366993e-15
13.762927476306519,,,,,,,,,,,,,,,,,,,,,,,20.23687245354309,25.783103548254463,0.7007904429489352,,,,,,,,,,,,,,,,,,,,,,,False,False,True,False,False,False,False,False,7.673531142880361,11.64660298092158,10.459324187701919,72.79478007839427,12.319686536915434,10.469577206777377,2.209902032778616,4.867964894734497,9.239635760555611,10.041768515971553,11.84023657717837,4.279013741816842,14.561591016205856,16.533801374621504,22.302997444144378,19.472178302467523,15.957388183754588,14.349847195113501,6.0900826629594444,13.804379909129892,8.645605557341549,13.793186029193478,5.811403622413964,6.897878532321369,14.267672012236673,11.546421336036014,30.216170799416204,25.713719506326953,160.5538674608946,32.55382868497311,11.572242585769544,36.445884929452006,6.481447447163755,7.871584293785176,4.465042883544777,4.6870107288845855,85.4801986057588,286.67685369716884,21.161745469443524,17.816426519589996,12.694810276578476,5.617208439866827,7.483163452687431,13.271099394870015,11.26707692117217,22.832774330943344,9.231509254982242,8.981480454651429,8.452164706665105,13.740695940528752,59.25302675176037,56.8511520844685,34.740019577495616,24.89555525495726,11.808399325148367,22.64375610442952,8.117786031364009,6.7820918139433655,21.193964080466635,16.456541019169126,8.266986080356265,28.557106338133604,5.911275995106389,4.160927223432089,8.08683652408096,3.7893202353231863,9.118439527150172e-15,2.3323774999781013e-14,5.446206940275961e-15,1.2421295072847533e-13,1.5888218580782547e-15,2.9724135207732003e-15,3.5968484601974254e-15,7.13865634957149e-15,7.944109290391274e-15,4.89707785508039e-15,3.076740298213702e-15,3.0250266941902737e-15,1.0478999857179349e-14,9.26434382393303e-15,4.4826180941264234e-14,3.8296869258294537e-14,1.794032467181608e-14,1.3005067400032379e-14,1.3173814904902171e-15,1.1178352624023286e-14,8.293893593196879e-15,1.3269278580440227e-14,2.6046504151038584e-15,5.117634419664772e-15,1.794032467181608e-14,1.1401941816218093e-14,1.2306961192854808e-14,1.3941855222546866e-14,2.8193418910717e-13,7.204216590046471e-14,9.365966723225986e-15,6.807874551102193e-14,1.191616393558691e-15,5.546672453247935e-15,7.171731382337878e-15,3.5304393922700312e-15,1.357118024579145e-13,4.889855783314162e-13,2.742731775472689e-14,4.041358210019972e-14,6.787449953031484e-15,3.2269124482882016e-15,3.2754401705733782e-15,1.5114698744996706e-14,1.1121753006547783e-14,1.1234667099445444e-14,2.182823828790338e-14,6.4047456679787536e-15,6.0500533883805474e-15,6.879800455918813e-15,2.6259337074354124e-13,1.2868476258827026e-13,6.410655014769851e-14,8.702335715267317e-15,3.640448215221994e-15,2.258140139882514e-14,1.578860494311767e-14,5.31424692754413e-15,5.0242958677880805e-15,4.203627514058621e-15,1.01112003895009e-14,2.532165365381255e-14,3.66205343881779e-15,3.0250266941902737e-15,4.050716828981884e-15,3.585865691168939e-15
10.260203816547486,,,,,,,,,,,,,,,,,,,,,,,11.533187783562388,12.40284673261939,0.07479888350283306,,,,,,,,,,,,,,,,,,,,,,,False,False,False,True,False,False,False,False,10.714320499020191,12.10099614779891,8.047037195057563,15.93776210995718,11.254764889798372,9.319503361631696,6.49111182235838,8.207122383862778,7.411735828384392,7.704876197383437,10.065515558222119,9.191832583577009,13.56275006499828,11.738332956614787,10.706170868235404,10.224443678932857,14.798330522218674,12.304642714944045,10.512752857770362,11.177778599956152,10.587097902502595,14.17407015452502,10.375842327400012,10.656320300121289,10.044659597488256,11.212664854857481,29.78044712592784,24.182373735788367,12.534317780391632,12.260740264473956,11.04072679248688,13.893665827042744,4.929390123020164,11.877107364867214,6.158553172090372,8.212491227557354,13.822785048956643,10.526941741487631,23.481366991162606,12.737684453268772,16.59583260463569,9.416073703610536,10.432195077954033,12.032168372763426,10.6236697421153,16.335135224831063,10.076745460289189,8.26628749316825,14.148010384219237,17.922368241613114,11.2263305263561,10.235731903467427,5.415556007750315,25.08033204845114,13.597642176830169,13.867458703562187,10.9047030964469,10.913574483238438,20.376422876176093,15.023118702269425,5.787024205682241,21.408238324749814,3.859334132668439,2.6869001486015427,11.232053598944367,8.465204167464758,1.7763568394002505e-15,1.7763568394002505e-15,2.8642893384395585e-15,3.462756959325817e-15,2.5121479338940403e-15,0.0,3.4399002279594067e-15,8.702335715267317e-15,9.729507111180987e-16,6.879800455918813e-16,2.2469334198890887e-15,7.944109290391273e-16,1.5888218580782547e-15,7.0608787845400624e-15,2.8642893384395585e-15,1.5888218580782547e-15,4.632171911966515e-15,3.552713678800501e-15,2.6347629809804343e-15,3.7261175413410954e-15,1.3149840699584379e-14,1.1729336804378347e-14,8.407255028117242e-15,1.3387650939063727e-14,5.891509130072236e-15,5.617333549722722e-15,6.355287432313019e-15,7.105427357601002e-15,2.8642893384395585e-15,7.944109290391273e-16,4.050716828981884e-15,4.127880273551288e-15,6.959601969981482e-15,7.149698361352146e-15,1.1234667099445444e-15,1.1234667099445444e-15,2.2469334198890887e-15,2.6347629809804343e-15,3.891802844472395e-15,1.9459014222361975e-15,2.7519201823675253e-15,7.944109290391273e-16,4.5635433489597435e-15,3.809860975949991e-15,7.944109290391273e-16,2.7519201823675253e-15,1.0266051672260722e-14,9.499773026619307e-15,4.278033777464535e-15,3.891802844472395e-15,0.0,7.944109290391273e-16,9.729507111180987e-16,5.503840364735051e-15,3.462756959325817e-15,2.6347629809804343e-15,1.1234667099445444e-15,2.2469334198890887e-15,2.7519201823675253e-15,1.1234667099445444e-15,4.6151104473205536e-15,3.1776437161565094e-15,4.5288390936029406e-15,2.6939785314722364e-15,1.7763568394002505e-15,1.5888218580782547e-15
13.849589584321077,,,,,,,,,,,,,,,,,,,,,,,20.599603463725295,30.38105984034481,0.6952403125004055,,,,,,,,,,,,,,,,,,,,,,,False,False,True,True,False,False,False,False,7.683669447119445,16.069525367872927,10.252452930172666,184.13963486784738,12.618989943340127,10.414428869021013,2.2843817308934056,5.130749408451566,9.608070169623625,10.278925232493094,11.818143682740349,4.231250890030453,13.972493406027468,19.602945048540164,21.264012166826582,19.27188179448323,17.75945586065834,15.44404004637802,6.029007251197839,15.71662037138251,8.797385637319213,15.361882275980367,5.551887078122874,10.07932660391378,13.79108121902343,11.739246574755537,35.52648067231867,31.02055074678608,162.61220002287303,31.20259846863444,11.539684326879037,36.75876133193126,7.18043338404276,7.340761146151193,5.293928016205337,5.0570782382617505,87.02086234015052,292.74292323269276,24.947000872560327,15.422280006757527,12.474593840296356,5.494584248568764,7.6081109618888805,16.47037917353763,10.98102294631707,24.54584179447288,10.146798113017777,8.835541365571723,8.292152725349874,13.80287933791627,56.457140665175665,59.40824507604115,35.50018500925083,25.26227201270944,12.257205561958758,25.59517686100709,7.449209855615439,7.1234969836071516,21.80092614127138,16.758889037480266,6.956775850251373,33.73067151395553,5.233919388241832,4.03295808816992,9.077253086204507,4.488628715975986,3.3469127347659316e-15,4.6239902654644836e-14,7.983731028902324e-15,1.8283798558971914e-12,6.255197910455127e-15,1.0327342077508655e-14,3.3995311826026577e-15,2.0152061780566692e-14,1.3713658877363445e-14,1.202161876938748e-14,8.255760547102576e-15,3.4399002279594067e-15,7.016047354870913e-15,4.621259831057244e-14,3.2013873368637204e-14,2.976656797053097e-14,1.6124780753884547e-14,1.3245477164721286e-14,2.3160859559832576e-15,2.537145046425895e-14,5.0242958677880805e-15,4.7205659460157044e-14,5.2695259619608686e-15,1.4166376187586768e-14,3.0767402982137026e-14,2.991460865334387e-14,1.6511521094205152e-14,1.4561792860887976e-14,6.130135131817456e-13,1.0015880570131896e-13,7.494457715654685e-15,1.6593873331227567e-13,7.259194753467053e-15,9.195971348350997e-15,5.102196573270515e-15,5.824175385795272e-15,3.2839068377061675e-13,1.0800249583553523e-12,1.464821375527116e-14,2.416106516409301e-14,5.446206940275961e-15,8.312894519802391e-15,5.05560019475045e-15,3.0767402982137026e-14,9.365966723225986e-15,3.256115871121665e-14,3.483652704550218e-14,1.1234667099445444e-14,5.209300830207717e-15,1.5485919901226005e-14,4.678695963864983e-13,1.6330120982042743e-13,1.6542069725492775e-13,3.538474288117394e-14,5.2695259619608686e-15,4.354067669923304e-14,1.640126728885195e-14,6.317939680321679e-15,4.203627514058621e-15,6.153480596427404e-15,1.398140666434414e-14,7.57319901053633e-14,5.546672453247935e-15,5.931542495241615e-15,7.578197272444791e-15,3.5080236774354565e-15
6.584818999190968,,,,,,,,,,,,,,,,,,,,,,,10.121491585221378,21.328051773844486,0.42097738450321903,,,,,,,,,,,,,,,,,,,,,,,False,False,True,False,True,False,False,False,4.141486528777622,10.57624992999751,5.9857058715280385,283.5678856690298,11.208728475728156,4.832545209214558,3.089074160666013,5.362929697758988,7.6561832471307625,7.864385518656803,10.21408051527523,4.9039984953685645,10.549190203799863,14.634521646358383,14.142942298132562,11.501507526623636,10.135422298181727,5.459162023404355,4.4692273455046445,15.737274367687808,5.487720082178169,14.25085386365925,6.443542124009946,3.3153283386659913,7.221492608713594,6.815072338067209,23.176434067312332,18.22483891604221,24.26405184332025,11.569906905506596,4.146431328488485,7.373820641422048,4.2692585605983755,6.627855092866841,2.9477205344183135,3.566037662640683,23.090834463905956,57.85016454349535,13.042420602716808,9.142709239914838,11.637048678105762,6.72175782865057,3.9747325361253347,12.136465883395616,4.404392069001597,10.141657433979052,7.661180648976803,6.006353429149833,5.795279140730848,8.272265812732869,51.45652020563908,71.45970006001578,6.937134228829313,11.488822269314776,6.304013982761231,22.711056122569005,3.850280074035973,2.8824925016215603,15.860564305887488,13.237409719876666,6.0288306848493916,27.42529024245257,4.230341579226521,3.041652410022528,10.186957017749311,5.123737196705613,2.808666774861361e-15,1.3919203939962963e-14,7.944109290391273e-16,1.0291641875716477e-12,1.3759600911837627e-15,2.2115464300733712e-15,3.952144471470652e-15,7.016047354870913e-15,7.884303351052377e-15,4.259554063523935e-15,3.076740298213702e-15,1.4862067603866002e-15,1.1234667099445444e-15,2.1755839288168293e-14,3.2754401705733782e-15,3.462756959325817e-15,4.766465574234764e-15,3.2994363900596664e-15,1.1234667099445444e-15,6.648417423819275e-14,1.9049304879749955e-15,2.796281332868828e-14,3.830510780184651e-15,2.527800097375225e-15,3.952144471470652e-15,5.631359373178441e-15,4.4938668397781774e-15,2.7519201823675253e-15,6.188252078175936e-14,8.952556504733985e-15,1.4321446692197793e-15,1.5249793272669444e-14,3.1275989552275635e-15,2.6046504151038584e-15,3.656664100446765e-15,4.0360844506543584e-15,1.7332000251216283e-14,7.506237492546152e-14,8.666000125608142e-15,1.2956450155464317e-14,2.2469334198890887e-15,3.2269124482882016e-15,5.197930934883577e-15,1.2047838252593955e-14,1.6377200852866891e-15,4.632171911966515e-15,1.2913759923574618e-14,5.589176312011643e-15,4.3147557709812356e-15,6.970927611273433e-15,2.8582900810980164e-13,2.773848179905249e-13,1.467511591522657e-14,8.629511541962471e-15,1.0509068785146553e-15,1.0954808614917107e-13,6.25834993782093e-15,1.7652196961350156e-15,1.7763568394002505e-15,2.5121479338940403e-15,2.7231034701379806e-15,5.934201783649253e-14,3.809860975949991e-15,1.5888218580782547e-15,5.209300830207717e-15,3.1022738505322743e-15
6.301708145061563,,,,,,,,,,,,,,,,,,,,,,,7.613016979483685,7.593804493035641,0.07008709608718754,,,,,,,,,,,,,,,,,,,,,,,False,False,False,True,True,False,False,False,4.0363360607640075,4.926548092467563,5.972928009997082,9.730929843663153,9.677089189826098,5.233379519829583,6.344042278123086,7.508591924240543,4.883547523358601,5.075329106732742,10.245601346632506,6.706850948590815,9.125036983195333,5.6146270582887565,9.897213000777516,7.381074911332608,9.889030158179262,3.168579907452984,6.169762205396486,9.089871506729413,8.542110542178062,10.970293101936507,7.645424763316653,5.288677138719147,5.2901571803584515,5.457074617400217,24.179539979483437,18.05196295431776,10.116725617792529,9.664145067703544,6.5320247806452105,7.767131652009303,1.314856825899351,8.42216156578734,3.726211572204882,6.029654922349606,10.85864391509737,8.708380381293923,6.738169244965806,14.417942263974236,13.211049762182316,7.678726497859072,4.3537023249706515,4.774336343743009,4.102659484913408,5.787678793964479,6.3158294635047545,6.258014233745367,4.932656532334908,6.8469282939480465,6.457846702652233,9.630403906855369,6.263992062223487,9.817707222537878,4.754733444704844,5.0972012308824315,5.0550770723195715,5.12568561470583,14.321223379226945,12.293903457988314,8.43089433699765,6.847409992658733,1.7613981909642846,4.2474901224447,10.084046387774862,6.976856074023203,6.879800455918813e-16,3.9720546451956367e-16,1.9049304879749955e-15,1.9459014222361975e-15,7.944109290391273e-16,1.538370149106851e-15,7.944109290391273e-16,1.8630587706705477e-15,6.879800455918813e-16,6.879800455918813e-16,2.6347629809804343e-15,9.729507111180987e-16,2.9724135207732003e-15,5.29938187205527e-15,2.5121479338940403e-15,1.0509068785146553e-15,4.351167857633658e-15,4.440892098500626e-16,1.3173814904902171e-15,1.9459014222361975e-15,1.0266051672260722e-14,1.062849385508826e-14,7.944109290391273e-16,7.92422412956578e-15,2.9188521333542966e-15,3.152720635543966e-15,7.105427357601002e-15,6.925513918651634e-15,2.2469334198890887e-15,3.370400129833633e-15,3.3232593448441795e-15,3.2512668500080947e-15,3.903187957565046e-15,4.050716828981884e-15,3.4570569440057434e-15,3.871479975306501e-15,3.1776437161565094e-15,3.2754401705733782e-15,3.618714001778642e-15,4.89707785508039e-15,5.148371239083872e-15,2.063940136775644e-15,2.2115464300733712e-15,2.7804382516369457e-15,3.1776437161565094e-15,6.114900400454284e-15,4.961094661755162e-15,3.932133484805905e-15,1.1234667099445444e-15,2.025358414490942e-15,6.879800455918813e-16,7.944109290391273e-16,4.782987168225453e-15,6.646518689688359e-15,1.0509068785146553e-15,4.440892098500626e-15,1.0509068785146553e-15,6.076075243472825e-15,1.7763568394002505e-15,1.5888218580782547e-15,2.5121479338940403e-15,1.3173814904902171e-15,3.694224365184592e-15,3.640448215221994e-15,1.1234667099445444e-15,7.944109290391273e-16
6.598375452366507,,,,,,,,,,,,,,,,,,,,,,,10.075735608220407,22.191797730805625,0.37690138598570877,,,,,,,,,,,,,,,,,,,,,,,False,False,True,True,True,False,False,False,4.575445755564623,12.529994023668873,5.9862886617413,297.71829242561387,10.994989067269866,4.9258021240209695,2.848546235769039,4.918696179949498,8.315718355591397,8.53545952633786,10.111268121487438,4.793380620442716,10.209123867317501,16.178817058446764,13.588844765858791,11.27066681906515,10.319269206139776,5.661235786612871,4.3159457450919785,15.467558112641234,5.944969437692175,15.170871422593397,6.152031123518401,5.149644865934502,7.373646365519122,7.29675664805127,24.41126959452785,19.75328165708908,22.2890260854279,12.454310710257483,4.294965741208723,7.176491948634025,3.7138066333977706,6.933952396927731,2.2300771265826413,3.475757115034365,23.57213534338416,56.973978466222206,14.072193551904693,8.100171138944892,11.783301485188947,6.878974340476434,4.285269330194496,13.294303100517771,4.200547221240262,11.459347694649207,7.827236510718741,5.951243356994311,5.438284387407581,7.96954995403232,52.37037703568318,72.69194993225597,6.612522388625232,11.55497613077028,5.436304365690612,22.221125210326967,4.03590462496823,3.3765842256123157,16.074096801945796,13.36103297431437,5.825164139726165,30.79391753809431,3.5322431929769222,3.18848932641772,9.758462801912124,5.102712285634925,3.2512668500080947e-15,7.661021560369302e-15,1.8630587706705477e-15,1.0877757199271198e-12,9.161593765034317e-15,7.803849170958016e-15,3.825358779493732e-15,7.149698361352146e-15,1.175620817248152e-14,7.367063884561176e-15,4.203627514058621e-15,3.1776437161565094e-15,7.983731028902324e-15,2.0957999714358698e-14,1.0892413880551923e-14,1.194261494246377e-14,1.7763568394002505e-15,3.2994363900596664e-15,3.0509930648246218e-15,4.8079912610773876e-14,5.431703034524792e-15,3.000939201983784e-14,4.733249381585206e-15,1.1803085861842685e-14,7.160723346098895e-15,6.023919126296978e-15,1.0775914125888946e-14,1.2203972259298487e-14,4.739911241858271e-14,2.0837203320830867e-14,1.6852000649168164e-15,1.182311940247426e-14,6.220420194897659e-15,7.753141361915253e-15,6.682030173196562e-15,4.440892098500626e-15,3.014577520672848e-14,1.2016368007499354e-13,1.4904470165364382e-14,1.794032467181608e-14,4.961094661755162e-15,3.2269124482882016e-15,6.305441271087932e-15,6.693825469531863e-15,4.240993826809828e-15,7.193696920394851e-15,2.3951193086706972e-14,4.351167857633658e-15,3.5080236774354565e-15,6.0500533883805474e-15,3.284368028191933e-13,1.938102186753931e-13,1.1709142809250037e-14,5.329070518200751e-15,6.822227891828277e-15,7.711925918110372e-14,5.546672453247935e-15,4.623649049342891e-15,2.2469334198890887e-15,2.1018137570293106e-15,5.29938187205527e-15,4.989001832183805e-14,2.8780270159990897e-15,2.8573957319624933e-15,9.890336306082086e-15,8.872897967465702e-15
4.71575989499188,,,,,,,,,,,,,,,,,,,,,,,5.663306299822254,13.292556320437951,0.37920127055341013,,,,,,,,,,,,,,,,,,,,,,,False,False,True,False,False,True,False,False,5.45975981625193,7.047141494123826,4.472205018983759,156.19625838846258,3.0919551304810113,3.9603412726288596,1.836718827175374,1.2998463886658735,5.5371240626287905,4.500718932534245,7.276397460186947,4.704139886517983,5.930642502236134,8.64229224649917,5.05627008935469,3.672133242988177,11.91529061963179,9.610490015721695,3.2847582599363916,9.176967739363928,3.79836517359612,6.39827943286607,2.4209734022728555,2.3132363868759147,3.9506159897572437,4.2356132094659085,16.907627539581316,14.645169587258057,9.068247139646687,7.001234679470881,3.806311494470974,7.730215484886034,1.353970365487294,7.37136591710007,2.341264584975658,7.2615452258822035,8.321493205558493,20.273909328050564,15.286797881721316,10.447583669444224,5.476436731602535,9.164170484531297,5.432850402323172,5.455424617299315,6.277568824133498,8.427900620002323,2.75177327395681,3.3130313223474905,3.9011826471368742,5.03208657892975,11.408542183610185,41.46878502261752,2.7409757491874225,12.76775209701386,8.227240090338773,14.845909045990268,3.352563069081422,5.681630748379589,5.331047398937474,7.339238410297324,3.487082569869375,21.637396628751002,4.975002816525565,2.9659423875056277,2.4100535734964983,4.066608081980758,4.333000062804071e-15,9.075080082570822e-15,1.9049304879749955e-15,5.867551603799662e-13,3.5471582200791576e-15,3.329188447408049e-15,1.3433239820285591e-15,3.589988166978866e-15,9.729507111180987e-16,3.2023728339893768e-15,2.574185619541936e-15,1.2560739669470201e-15,1.7763568394002505e-15,1.1916163935586911e-14,5.7147914639249866e-15,3.0703237316920004e-15,3.462756959325817e-15,4.127880273551288e-15,1.1057732150366856e-15,1.8202241076109967e-14,2.6272671962866384e-15,1.8836922125666155e-14,2.0155975942355684e-15,1.1234667099445444e-15,1.820224107610997e-15,2.6939785314722364e-15,3.552713678800501e-15,4.4230928601467425e-15,2.2172463014598414e-14,5.0242958677880805e-15,1.6616296724220897e-15,1.8630587706705477e-15,2.640370854613172e-15,5.756054031998179e-15,2.464595092545993e-15,4.278033777464535e-15,1.6006936684318602e-14,6.001878403967567e-14,6.693825469531863e-15,4.5635433489597435e-15,1.3173814904902171e-15,3.640448215221994e-15,2.574185619541936e-15,5.071179893299486e-15,5.2394999285896745e-15,6.355287432313019e-15,3.341015086598281e-15,4.089480552672362e-15,2.5510982866352577e-15,2.063940136775644e-15,4.8322130328186015e-15,7.533093526432465e-14,6.395501382668091e-15,1.3759600911837627e-15,2.5121479338940403e-15,2.6383533932493214e-14,2.2903984412585792e-15,3.3469127347659316e-15,6.879800455918813e-16,4.070144838902081e-15,4.576489597236933e-15,3.7463866892903944e-14,2.383232787117382e-15,3.1086244689504383e-15,6.361490740214742e-15,3.640448215221994e-15
4.530817388419313,,,,,,,,,,,,,,,,,,,,,,,5.0214075169051675,5.953218830313028,0.040725751736529835,,,,,,,,,,,,,,,,,,,,,,,False,False,False,True,False,True,False,False,5.269016381772199,4.648150199168964,3.3581042850311498,8.471602932267608,3.2768104957416098,2.9434869849495837,3.45951283978597,4.686975767957014,7.799359762663711,4.683907762191002,9.40027448600558,5.637831808115022,6.058802912264511,4.8782044141955625,3.2026882191733037,3.224826189175946,8.425938767540892,5.771567619037295,4.536771817029388,5.375037769175959,3.8927560756998125,4.096317650783263,2.514999408291332,1.7666283474923294,4.986034231361904,3.54755591738623,17.719539379635883,14.45908505774095,4.206862851104415,3.2237770131665284,2.2422019567677736,7.10273613290518,3.729712547847465,3.842584383388951,1.3838793042241258,11.406342522301966,4.526913149672022,3.301073133517358,8.65721684933499,14.128646227515196,5.181518370101146,13.034547108922657,5.898835877131707,2.315350098924056,5.574339282119635,3.6420211762135097,1.3766882619182752,2.0059525206384805,2.7579456407355187,3.4050188018921,9.002013580717144,8.290241404445863,3.2712140993592826,12.181386680035725,8.645709356271745,3.034029020284097,3.161463398138919,2.3593553278331325,4.940926383387643,4.671656648454675,0.6494793015733573,13.965003723458377,3.5741299885224675,5.51435472257693,3.0247887969456793,4.840966334218419,9.729507111180987e-16,2.448538927540195e-15,2.8848713229677464e-15,1.3759600911837627e-15,1.809357000889321e-15,2.9856537356159426e-15,4.901103402702274e-15,5.4171602961534785e-15,1.820224107610997e-15,1.8630587706705477e-15,0.0,1.3759600911837627e-15,1.820224107610997e-15,5.617333549722722e-16,2.2644195468014703e-15,1.1057732150366856e-15,1.5888218580782547e-15,2.5121479338940403e-15,3.5304393922700312e-15,3.747228857827342e-15,1.1554856477198506e-14,1.133950296754778e-14,5.369624389641046e-15,5.712202656786968e-15,2.2469334198890887e-15,1.9560100690747754e-15,7.619721951899982e-15,6.970927611273433e-15,3.9720546451956367e-16,2.9591140647080893e-15,4.541884264435792e-15,1.3173814904902171e-15,3.901924585479008e-15,4.876900275012142e-15,4.573256471014071e-15,5.387957062944473e-15,7.944109290391273e-16,7.160723346098896e-16,2.8642893384395585e-15,2.6347629809804343e-15,2.7804382516369457e-15,2.2469334198890887e-15,2.025358414490942e-15,1.7313784796629085e-15,1.6377200852866891e-15,2.3414916808064965e-15,2.4725840765205216e-15,5.874748045952206e-15,3.8867320894271035e-15,4.264181500047145e-15,1.3759600911837627e-15,0.0,1.88411095042053e-15,3.2754401705733782e-15,1.1234667099445444e-15,2.649690936027635e-15,1.031970068387822e-15,1.6852000649168164e-15,2.025358414490942e-15,2.1018137570293106e-15,6.708172945161827e-15,3.370400129833633e-15,1.576360317771983e-15,1.8630587706705477e-15,2.0350724194510405e-15,3.932133484805905e-15
4.647613074386382,,,,,,,,,,,,,,,,,,,,,,,6.255664357476079,96.02058746638104,0.38683753136609333,,,,,,,,,,,,,,,,,,,,,,,False,False,True,True,False,True,False,False,6.050518575138328,10.896053613875988,3.968749123504021,2712.9927290812875,3.8160884164359308,5.2962591457809225,1.7426352663301756,2.0301497394954873,6.760861923774702,5.494158232004618,7.842869794566657,4.767398277802389,6.47210006778856,22.40404289445132,4.272973449832125,5.560065168146728,11.727563224956727,9.808215570710427,2.723361934860706,9.400499958296557,3.488046443585972,28.556287392136518,2.2433428112418032,2.2795779957884923,3.764028090526831,8.4589474662528,19.15180113776273,17.31477143964607,10.246026026047787,9.372347528205625,3.3253394709492667,7.5179711587323395,1.2651695890380197,6.633097070426852,2.7430965996294177,8.264034446763262,20.49802444706255,85.52747819678838,14.97118403660956,10.83855998036871,4.769780436903285,9.497301593898618,5.644693535339998,9.104368584159577,6.541951284456533,11.339427794551701,4.939086764900604,3.6592005383612842,3.9351461809525525,5.840475123773058,12.719775576280748,40.0334209008358,3.5801509065973933,13.681641102490982,8.600688278444384,15.361055549043082,3.3604767155680855,5.588373214615001,5.396465817901924,7.021298006892731,2.0994279179249045,64.81400601184603,3.9866390477939264,4.1969559416912645,3.7888609040043995,5.129217671454006,3.683531942280588e-15,1.5218724052064583e-14,2.6939785314722364e-15,1.7726982673565605e-11,3.76822190084106e-15,1.0064280412944481e-14,1.041481514324134e-15,5.291933685841681e-15,3.1275989552275635e-15,1.0165666657133341e-14,3.2023728339893768e-15,2.3160859559832576e-15,2.480547330877581e-15,6.621785601769716e-14,4.864753555590494e-15,7.702099718428741e-15,4.4230928601467425e-15,7.0608787845400624e-15,1.3615517350689903e-15,2.7553579353410723e-14,3.1464590193618762e-15,1.0542644170321774e-13,3.8867320894271035e-15,5.61382161843244e-15,2.6272671962866384e-15,2.1842689291331962e-14,9.922189323510324e-15,1.0048591735576161e-14,3.366653157991702e-14,1.781677940203939e-14,2.4725840765205216e-15,9.729507111180987e-16,2.957447427535774e-15,7.732765133880164e-15,2.9256009334234184e-15,5.891509130072236e-15,7.200711741096616e-14,4.133868999950206e-13,6.740800259667266e-15,1.7763568394002505e-15,3.0250266941902737e-15,3.462756959325817e-15,3.0250266941902737e-15,1.6814510056234485e-14,5.769742645935493e-15,1.432144669219779e-14,1.0403447322706201e-14,4.3420934622347985e-15,4.6193817212077605e-15,6.891257250625963e-15,2.5159133338597732e-14,1.6990739418502058e-13,1.0650736977823718e-14,6.255197910455127e-15,3.972054645195637e-15,4.440892098500626e-14,7.110976306012196e-15,7.803849170958016e-15,2.7804382516369457e-15,4.5113868549152494e-15,1.2242694637700976e-15,2.171053998207266e-13,4.937185632658475e-15,6.3676880049481074e-15,6.226757863576576e-15,2.6939785314722364e-15
13.935513124154122,,,,,,,,,,,,,,,,,,,,,,,20.705933178149927,25.638687412857518,0.6938245821152116,,,,,,,,,,,,,,,,,,,,,,,False,False,True,False,False,False,True,False,7.743909240016693,11.265251637395277,10.34752779328027,73.36239236461986,11.737334037322597,10.33388115378711,2.059940500740731,4.73211893126207,9.414044333152432,9.869585705970033,11.45467343605695,4.278623386725306,14.03437056748211,16.326908477102037,22.08293421093229,19.396293785335395,15.822871887552868,14.251710063981298,6.081908013769471,13.64445574553408,8.639987007596295,13.779410482139818,5.2592579260966925,6.88295732901765,14.250335306337467,11.543861839177348,27.869301704602265,23.696312423083782,160.38099610996548,31.98797764862463,11.517706095897879,36.44160370032585,6.432260901420554,7.909938778127696,4.49427837796936,4.6847879961143475,85.39833213114682,286.55120993076946,20.927227168374205,17.910613119821914,12.232358208059718,5.581404105624192,7.4718386154880765,13.150480104437204,11.08507347408499,22.77515981873706,9.515286511635193,8.916152030428007,7.969382477681937,13.436293897666735,81.60866667971924,56.64211643719584,34.69772293788061,24.864118895304653,11.756464952290855,22.50537052591893,8.188134931075382,6.761887939773293,20.192182079181702,16.14331972781841,8.15000144342972,28.711146707045213,6.677805850754092,4.123703286162188,7.8016799679527065,3.6156366492713437,1.3563272580669458e-14,2.8366143962925803e-14,4.961094661755162e-15,1.1171575810654727e-13,7.193696920394851e-15,1.4453040085135165e-14,5.086711874211983e-15,1.1955818500882629e-14,2.7323578841381037e-14,7.105427357601002e-15,1.1150088728921911e-14,1.9860273225978185e-15,2.3832327871173822e-14,1.5239443903799964e-14,1.6963975307239312e-14,1.6046314201838945e-14,2.182823828790338e-14,9.826320511720135e-15,2.6046504151038584e-15,2.0669955642615686e-14,4.8322130328186015e-15,1.0978977471411926e-14,1.1429582927849973e-14,8.09169049910734e-15,1.7422791863792823e-14,1.0388270877977451e-14,2.6251645411308525e-14,2.040878629308206e-14,4.144115253377816e-13,8.68200652013566e-14,6.646518689688359e-15,1.0073681891326079e-13,8.120884907230036e-15,1.2268441658017087e-14,4.203627514058621e-15,7.473376217590524e-15,1.9966124443366744e-13,6.905949043579057e-13,2.8510388926490125e-14,1.3387650939063727e-14,1.0235268839329545e-14,5.769742645935493e-15,4.3147557709812356e-15,1.9032733058535987e-14,3.2754401705733782e-15,1.984437864702065e-14,3.7354212200967717e-14,4.699798436761765e-15,6.670214018640261e-15,1.3736649101176968e-14,2.2318824835221064e-12,1.5783007989831033e-13,9.372702406745446e-14,1.7620886819198126e-14,7.0608787845400624e-15,3.779927078048327e-14,2.2817716744798718e-14,9.048964690059356e-15,1.5156394544889582e-14,1.2809491335957507e-14,3.640448215221994e-15,1.6739276971676625e-14,1.3298970447013966e-14,3.76822190084106e-15,6.255197910455127e-15,3.233018248352212e-15
10.33332215558092,,,,,,,,,,,,,,,,,,,,,,,10.64594398846382,12.028083157897283,0.08646113119700911,,,,,,,,,,,,,,,,,,,,,,,False,False,False,True,False,False,True,False,11.027895249400848,11.872958301957441,10.891927835654254,16.12425769305317,9.243587041950919,9.478227454247323,6.81302599086734,10.770065605930402,7.489215507027561,6.636097848729351,8.55996341122196,9.2241523493911,10.9534074858036,11.87765811162291,8.846305861530002,10.259562440827736,14.477749083457462,12.149600782790406,10.763635306484684,11.560965208046607,12.122387899898484,14.98973105166784,11.118846751216477,12.462971010282967,11.020263470078564,11.597171932939181,19.299445678798065,15.402924562023136,9.459177805618587,11.0050900577336,11.462961912396604,14.34438844732316,6.2818727541127375,12.491762345903766,6.021066152958278,8.336360135873779,11.175872253956872,8.834882099593532,22.32328151399083,13.128281585302016,12.206310396756388,9.327847276601508,10.380769477754033,11.97992238182727,10.237282184971912,16.41605368515596,10.51715330518446,8.73739087506892,10.730691741778633,14.15562144669855,10.478489162145607,10.221669270127707,5.158457996154917,24.095390656172135,13.206535995633402,13.589418436048714,11.671897905930228,11.270252308429743,14.797700298428627,12.674093863808684,5.735075773350886,21.332963839719728,8.090710191505476,2.461517332787455,8.753188223287387,8.117493812924575,4.127880273551288e-15,3.891802844472395e-15,2.2158227081821272e-14,5.0242958677880805e-15,6.453824896576403e-15,8.255760547102576e-15,1.801054147511618e-14,2.3924829630080256e-14,3.0250266941902737e-15,3.0250266941902737e-15,2.1018137570293106e-15,2.1018137570293106e-15,8.369638485838313e-15,1.3269278580440227e-14,7.944109290391273e-16,1.5888218580782547e-15,4.699798436761765e-15,3.809860975949991e-15,8.21745054666705e-15,8.952556504733985e-15,3.0509930648246216e-14,2.3310242202007103e-14,1.765666530643156e-14,1.7993012963445096e-14,1.0892413880551923e-14,8.444704010915923e-15,8.744295844792892e-14,6.573000384690722e-14,1.4099395310285296e-14,2.3065294155528353e-14,9.890336306082086e-15,9.057678187205881e-15,1.745445735611264e-14,1.475552811121985e-14,3.66205343881779e-15,6.1019861296492435e-15,3.1776437161565094e-15,2.7519201823675253e-15,9.26434382393303e-15,6.153480596427404e-15,7.193696920394851e-15,2.7519201823675253e-15,5.6732287925851606e-15,6.5025337000161895e-15,4.278033777464535e-15,3.1776437161565094e-15,1.801054147511618e-14,1.69267327259655e-14,6.693825469531863e-15,9.466498763170412e-15,5.783398860650275e-15,1.9459014222361975e-15,5.98450374693123e-15,8.101433657963767e-15,1.9459014222361975e-15,2.7519201823675253e-15,5.891509130072236e-15,2.6347629809804343e-15,2.8410605030905965e-14,3.370400129833633e-15,1.578860494311767e-14,7.452235082682191e-15,2.4767281641307728e-14,7.29713033338574e-15,1.9459014222361975e-15,9.057678187205881e-15
14.029201202712477,,,,,,,,,,,,,,,,,,,,,,,20.590840340910347,31.464593310060707,0.7102517482594756,,,,,,,,,,,,,,,,,,,,,,,False,False,True,True,False,False,True,False,7.528711840467219,15.753778536829694,10.182506028403226,227.103961287059,11.60449274100208,10.00926816267661,2.222328509038415,4.783664672554796,9.760907047885471,9.85624626488585,10.932999746145338,4.242697409376949,12.771827408297069,19.4462069507488,20.772275537449808,19.09035803457977,17.62878019568051,15.332162653343886,5.9984000133347495,15.470951579950235,8.8179459552773,15.718815409662199,4.624344648676939,10.363718604966113,13.69964100415002,11.741924345417171,32.26078222558889,28.16226917251874,163.029574251278,29.70736184287989,11.460690308763645,36.90256739893565,6.9901860798983915,7.435337033333907,5.39487901028087,5.0405198648666065,87.28183881527573,294.43151104910623,24.710936028294615,15.347889084780013,11.34162972032004,5.352536133068841,7.5212245028392175,16.57313292963502,10.610866244023578,24.448355560776346,10.481669839861997,8.728554892569372,7.1924709989221025,13.063743683589342,67.67479170417664,57.81703820606164,35.47501254660784,25.07563755486471,12.090735064403498,25.24454840651542,7.450083307503467,7.062985758547785,20.248347301659667,16.180866165180287,6.815509149473956,34.696501172908,6.355501400901725,3.998761057479565,8.565842074159278,4.147708352334853,2.2817716744798718e-15,3.6256831252334974e-14,5.329070518200751e-15,1.4507722309199464e-11,8.7385202194304e-15,4.278033777464535e-15,3.0315391380987956e-15,2.5452162489020356e-14,1.8715080601432878e-14,1.0950198975068616e-14,9.922189323510324e-15,5.071179893299486e-15,8.023157100919472e-15,5.18014406672227e-14,5.0293176540169465e-14,3.294651128092491e-14,1.0296742478167743e-14,8.881784197001252e-15,5.98450374693123e-15,3.928119054474163e-14,6.355287432313019e-15,8.935622271719521e-14,3.932133484805905e-15,2.5396312254118694e-14,8.21745054666705e-15,1.0746591856228473e-14,3.240573463185507e-14,3.157720988623534e-14,3.341213416589561e-13,1.279470261676544e-13,5.2695259619608686e-15,8.502795084070608e-14,1.6635275938544903e-14,9.516366529267993e-15,7.452235082682191e-15,1.036546454777121e-14,1.648704143494021e-13,6.12222357532858e-13,1.3197745560238665e-14,3.2551466447655824e-14,9.195971348350997e-15,9.281358243820486e-15,4.476278252366993e-15,2.1493183712456946e-14,9.057678187205881e-15,3.259989894944074e-14,3.9055619907195796e-14,1.3782514501251926e-14,6.959601969981482e-15,6.5025337000161895e-15,3.9068221673696185e-13,2.731664890623774e-13,8.914409242812663e-14,2.6963201038669063e-14,8.7385202194304e-15,6.412623586907382e-14,8.864002829422652e-15,6.646518689688359e-15,7.452235082682191e-15,3.891802844472395e-15,4.333000062804071e-15,1.9958537088183645e-13,1.2060926619574244e-14,9.055500598957751e-15,2.2215116076812766e-14,1.4567209187227738e-14
4.755874454876638,,,,,,,,,,,,,,,,,,,,,,,5.816780444105962,13.503550735127476,0.39021194191489417,,,,,,,,,,,,,,,,,,,,,,,False,False,True,False,False,True,True,False,5.505586254744997,7.041840488283685,4.396974316211191,159.39097187335486,3.3713369569914433,4.081738166396342,1.8799818995253237,1.280788521573381,5.487133785608907,4.523829081323207,7.482864911285603,4.673805305888132,6.2389992496278674,8.779975978581508,5.24583202269226,3.801272161238155,11.863318793990492,9.494576191952444,3.2840471466308885,9.257228822840236,3.7837468612713026,6.4544201849211,2.551083429633773,2.2106033433086965,3.9848819032734175,4.194129941181947,17.44395530106889,15.162659660111448,9.673773760836493,7.386922903173639,3.7670218872179815,7.65820555994124,1.37423310310693,7.395650702849897,2.379584123426418,7.299559309675876,8.8014853079549,21.433894192044843,15.236993037548604,10.374234305362581,5.830399387151905,9.230313787206722,5.451004414001076,5.49340009143882,6.436612803749268,8.48878087112941,2.949569895978076,3.28603020927766,4.325248491267582,5.327466174444821,12.026230117517368,41.69176374203728,2.948003731935596,12.875217320114729,8.320293246540194,14.971787895263148,3.520718663583838,5.685599568148144,5.624804237313536,7.549310849116219,3.3660466538921314,21.884863545826356,4.7619227902937125,3.0638162235816244,2.640066169624789,4.172517287618542,1.8630587706705477e-15,6.076075243472825e-15,1.7313784796629085e-15,3.5657636971250654e-13,4.99674370467858e-15,2.808666774861361e-15,2.3245853825497422e-15,2.4058817286099443e-15,5.617333549722722e-16,2.383232787117382e-15,2.448538927540195e-15,1.1234667099445444e-15,4.070144838902081e-15,6.453824896576403e-15,8.140289677804162e-15,5.578580707578669e-15,3.7261175413410954e-15,4.961094661755162e-15,1.012679207245471e-15,1.2784833966923216e-14,1.9357399876532506e-15,1.2178088937988185e-14,2.2989928370877494e-15,1.976072235735326e-15,2.6719264945447427e-15,2.2469334198890887e-15,5.728578676879117e-15,6.598872780119333e-15,2.66926800751745e-14,2.480547330877581e-15,1.9357399876532506e-15,2.448538927540195e-15,1.449255726278473e-15,2.2115464300733712e-15,2.5199861680233773e-15,2.025358414490942e-15,1.2281294926768002e-14,4.260294791129487e-14,6.693825469531863e-15,3.809860975949991e-15,5.7147914639249866e-15,1.7763568394002505e-15,2.3498992183808826e-15,4.3692601097152e-15,1.0509068785146553e-15,4.8322130328186015e-15,3.2391125388660793e-15,2.2644195468014703e-15,6.9822348816592046e-15,4.716553564546101e-15,7.702099718428741e-15,5.850662560714824e-14,6.277228864378735e-15,1.5888218580782547e-15,1.5888218580782547e-15,1.96205025865255e-14,2.366624690792603e-15,1.2560739669470201e-15,5.475099487534308e-15,4.387277753618146e-15,3.0703237316920004e-15,2.3024216127992717e-14,4.089480552672362e-15,2.2115464300733712e-15,2.0155975942355684e-15,1.7313784796629085e-15
4.565548981289984,,,,,,,,,,,,,,,,,,,,,,,5.526141634410157,6.242290413289547,0.05887444221376102,,,,,,,,,,,,,,,,,,,,,,,False,False,False,True,False,True,True,False,5.320644441441075,4.6642523611975335,2.2552242686277792,8.383199011470083,3.9885891183602156,2.6458647637121264,2.5117402720558806,3.304140581136438,7.2439242111258295,4.338709099021446,9.594749829317891,5.577841990871825,8.0003556788903,5.199717231361931,4.492548589812935,3.115824058696012,8.510880236778785,5.563791362395583,4.370791387397538,5.287441956809657,3.272081645461749,3.768272432141232,2.47158631846304,1.0375669932853278,4.617537135141067,3.3306418379292793,25.49594723029182,21.20540073171326,7.217102642721829,6.512780876678114,1.9521113226399702,7.01209386300007,3.0504378494674316,3.4389179313872082,0.9760008964023497,11.750557162597747,5.057629223962239,3.5124965586845205,8.599083760622593,14.097727208572838,6.65795731121279,12.890158064322753,5.9619148315047745,2.45766731938481,5.488934593305258,3.561622095620929,1.2900659986612593,1.8863621390863703,5.053912578206558,5.152131616690143,8.319524792517425,8.416947349597288,3.1075323344775123,12.751845657938611,8.693267886093276,3.077431274031588,3.457996771350593,2.3361101913856603,8.776739043534896,5.524379642799956,0.506083594405699,13.908268523442407,2.204762235993006,4.472496335794238,3.8450159052898387,5.812925415798051,1.0509068785146553e-15,1.4321446692197793e-15,7.691850745534255e-16,2.1018137570293106e-15,2.7085801480767393e-15,1.4862067603866002e-15,3.820199830714189e-15,4.554892074167357e-15,1.5888218580782547e-15,2.1390168887322674e-15,1.3759600911837627e-15,1.0509068785146553e-15,5.2695259619608686e-15,1.4862067603866002e-15,3.3469127347659316e-15,1.0509068785146553e-15,1.5888218580782547e-15,3.618714001778642e-15,3.3232593448441795e-15,2.1018137570293106e-15,9.682774322760871e-15,1.0706142607335895e-14,2.2026108523997657e-15,6.8236731260128676e-15,1.6852000649168164e-15,2.1390168887322674e-15,1.790511300946797e-14,1.5156394544889582e-14,6.330413413453137e-15,6.3676880049481074e-15,3.4327262884970693e-15,1.3173814904902171e-15,2.9256009334234184e-15,3.4513475149334466e-15,1.994697267935282e-15,4.050716828981884e-15,2.2115464300733712e-15,1.2402736654387905e-15,3.809860975949991e-15,7.237428003557285e-15,3.3469127347659316e-15,3.076740298213702e-15,2.8366143962925803e-15,3.635026844804856e-15,1.7313784796629085e-15,4.28724376396416e-15,1.002894637614934e-15,4.8291511169765815e-15,1.9459014222361975e-15,2.1018137570293106e-15,0.0,1.1234667099445444e-15,2.808666774861361e-16,4.8322130328186015e-15,1.3759600911837627e-15,2.6645352591003757e-15,1.2402736654387905e-15,1.012679207245471e-15,5.6732287925851606e-15,2.2817716744798718e-15,4.753258815128369e-15,4.050716828981884e-15,3.095910205163466e-15,2.7231034701379806e-15,1.831026719408895e-15,3.66205343881779e-15
4.697173519042735,,,,,,,,,,,,,,,,,,,,,,,6.27748540973659,95.84192600406594,0.4067275839189074,,,,,,,,,,,,,,,,,,,,,,,False,False,True,True,False,True,True,False,6.050329860312742,10.888847246240974,3.9727336966430578,2707.091638868862,3.8746046142271027,5.303202071593565,1.7503674329629397,2.033273075268432,6.755663134509054,5.495920724975744,7.8583749695747755,4.767196107978765,6.537024559100111,22.38178226913581,4.295484116194336,5.554991144228717,11.717286980510256,9.79664261963263,2.7209035301154127,9.402209368713077,3.4879301571633112,28.50847760419732,2.2954291737175914,2.270002221893061,3.7632628813622553,8.445227024013109,19.376624849089893,17.516057365084606,10.305902069637174,9.4707967777567,3.3234768242075154,7.516233590953647,1.2694269800444025,6.626370525378386,2.740405705072214,8.2671597913615,20.480233646403658,85.36213039168757,14.959936676348445,10.844813990356624,4.811030053027065,9.501502228444956,5.643880992029863,9.085577567672818,6.5540453909465,11.339422226041767,4.960769481793228,3.6616752007715783,3.979743806653486,5.871447311058027,12.790076430720006,40.05496231279504,3.5844475336274515,13.686520541291078,8.602994056907654,15.359131647386596,3.3732647086549123,5.582551874084553,5.507525355942176,7.051728365043159,2.098114939271338,64.71523809816962,3.9038824537122325,4.186941165361732,3.8118414608252906,5.143886816743035,6.1019861296492435e-15,1.3551635279015281e-14,2.2381391261834963e-15,1.080539418354832e-11,6.740800259667266e-15,9.022773709830499e-15,2.9154718749726266e-15,7.666168367507028e-15,3.1275989552275635e-15,4.031195188471137e-15,1.9049304879749955e-15,1.3173814904902171e-15,6.267796509141501e-15,4.847859743056144e-14,1.1621230011226746e-14,8.62036526324838e-15,5.2695259619608686e-15,3.891802844472395e-15,6.879800455918813e-16,2.3215291737279446e-14,3.152720635543966e-15,7.707014384281459e-14,4.524482345029678e-15,6.438527826247563e-15,3.6458615241084035e-15,1.6046314201838945e-14,1.3667562414576186e-14,1.3005067400032379e-14,1.1121753006547783e-14,1.6473255640462455e-14,3.8612784293129035e-15,1.4321446692197793e-15,5.436239661920927e-15,6.5025337000161895e-15,4.980931184949339e-15,3.462756959325817e-15,3.84613048331754e-14,2.275512417923903e-13,9.365966723225986e-15,3.891802844472395e-15,6.959601969981482e-15,3.891802844472395e-15,3.1275989552275635e-15,1.0235268839329545e-14,6.799062365205315e-15,5.446206940275961e-15,8.227044771238504e-15,4.712370367656969e-15,5.7902148899581444e-15,8.5836826914584e-15,1.2047838252593955e-14,1.6675818883079454e-13,1.995932757225581e-15,3.972054645195637e-15,1.9459014222361975e-15,3.618714001778642e-14,5.4822988325081795e-15,7.388448730369184e-15,9.590682016872938e-15,7.182722547993496e-15,1.1234667099445444e-15,1.5092971406547524e-13,4.507013235995769e-15,4.108725273333525e-15,3.906975622655788e-15,3.0250266941902737e-15
13.900302733144406,,,,,,,,,,,,,,,,,,,,,,,20.13509582748833,26.056323461892177,0.7481560957541863,,,,,,,,,,,,,,,,,,,,,,,False,False,True,False,False,False,False,True,11.896566162966844,9.10895753829303,10.671795953544702,78.84106078711037,8.911860765182515,9.882412618749907,2.2681504498479157,4.694499546492584,8.935923409515533,9.248125205880804,8.562683056664776,4.473324814072691,15.709510762369948,14.766124204696274,20.77830318751989,19.490481318422155,14.46863694855088,13.898651940512625,6.019640989813942,13.798167749409904,8.576872438740029,13.840835265597615,4.197847630672528,8.7368509495793,14.647101105422456,11.712846263413118,30.750039311898796,28.976223571936572,156.88302067855653,39.288926205750776,11.451092419655435,35.658484383144305,6.7397518193719375,7.441923986572431,4.773275872328751,4.609714282500896,82.84456155801806,280.59268078321463,19.025687567778157,19.40805956516424,11.465796240113246,5.650583228221366,8.027217902817927,12.709053443028884,9.420618622259243,23.58841489587222,8.601384220780949,9.219058773844209,6.511207394125816,6.751823570429008,50.38945337440966,63.79508866816684,34.23576047095873,25.24381969700468,11.38273246980948,23.38022328265443,12.58648560068707,7.777065306603852,24.405021328625946,14.627064052776689,7.637987720190809,29.504882910384726,26.531080026651203,5.7758881459079205,5.15109484726516,3.367357287032772,2.2243506013095566e-14,1.3077654386468368e-14,6.646518689688359e-15,4.361135119868566e-13,4.050716828981884e-15,1.0327342077508655e-14,7.350984424391015e-15,8.426000324584083e-15,9.79415571016078e-15,5.6732287925851606e-15,1.007994467209351e-14,3.2994363900596664e-15,2.423929871528072e-14,1.1512108063996359e-14,3.105323768211883e-14,2.7519201823675253e-14,1.436544509598699e-14,8.7385202194304e-15,4.296434007659337e-15,7.280896430443988e-15,6.833781207288093e-15,8.21745054666705e-15,1.732289491817326e-14,1.007994467209351e-14,1.878240125263105e-14,1.3125822705654263e-14,9.939982427405055e-14,8.393732493181981e-14,3.1444225637504433e-13,4.6048432255985435e-14,2.6347629809804343e-15,8.959602988709386e-14,2.6645352591003757e-15,7.160723346098895e-15,6.764165321960921e-15,4.6151104473205536e-15,1.763520692462472e-13,5.499435529803952e-13,1.9716760740367943e-14,2.6680856074561044e-14,8.178961105344724e-15,7.52596923956434e-15,5.5608765032738915e-15,1.148466557427569e-14,1.062849385508826e-14,1.8999546053238614e-14,2.7951526622545862e-14,3.891802844472395e-15,2.9339478860013316e-14,5.824175385795272e-15,3.6715194604436796e-13,1.3649080239232024e-13,8.237393982534195e-14,1.9780672612164173e-14,8.481987653619656e-15,1.5322043120738604e-14,2.0191169253369625e-14,8.023157100919472e-15,4.382960274054749e-14,1.9459014222361975e-15,5.783398860650275e-15,9.39959687352353e-15,3.875553074776304e-14,1.3298970447013966e-14,5.810615005613373e-15,4.454194850509848e-15
10.325484030317421,,,,,,,,,,,,,,,,,,,,,,,20.16898984133535,17.20287410110939,0.0743058029846436,,,,,,,,,,,,,,,,,,,,,,,False,False,False,True,False,False,False,True,11.539932982312802,12.249737776650012,9.525914159112045,15.782805471129118,12.718447829282571,9.251603596713991,7.056082496311445,10.355825545771701,6.828675595566969,6.539334142470528,8.424314798626295,9.259588512288039,27.8429506954081,12.177512693888698,8.887459560511008,10.227635797316683,14.010196367269945,12.575544020905863,10.604750877739633,11.442099983935218,11.254738583032003,14.88122195567982,10.384777016629178,12.599069228175074,10.515098228566933,10.989938675789096,174.2995272639692,138.89674019019338,53.755814142897215,52.615586980538545,11.062015710524003,14.050593298529787,5.894142817731835,11.575945727474103,5.822565081950498,7.957732553431375,11.160680746545633,8.362796395392829,18.313445661530107,11.869339935278349,14.017085523140093,8.91019017352519,10.463699687465134,12.07896093488478,9.482706627081106,16.38491666572914,10.699510179732291,8.56729414144412,13.569433261522898,17.00083589133728,19.08420524711574,10.208498570525391,6.721723010713253,25.425709491505255,13.04764196608096,13.444138341888387,10.574993963048696,11.710188123011765,91.09416438295747,16.94312841248358,6.118583946229223,20.644605469356303,22.3463106816145,5.460310574425739,8.455075671847831,7.255416064940709,1.8899635390241636e-14,5.086711874211983e-15,1.1064863871295526e-14,1.7763568394002505e-15,1.3179322803360698e-13,1.7763568394002505e-15,1.1443378446363118e-14,8.101433657963767e-15,3.9720546451956367e-16,4.184819242919156e-15,1.7763568394002505e-15,2.383232787117382e-15,3.845999213825418e-13,9.39959687352353e-15,7.367063884561176e-15,1.5888218580782547e-15,7.237428003557285e-15,3.640448215221994e-15,4.278033777464535e-15,5.446206940275961e-15,2.2399007471773465e-14,2.0269157837441174e-14,2.1152822635321225e-14,1.505193847912868e-14,4.203627514058621e-15,4.8322130328186015e-15,2.249161273373835e-12,1.8449608484730475e-12,8.299796136367716e-13,7.916160413850843e-13,5.148371239083872e-15,5.891509130072236e-15,5.9182281294161785e-15,8.592868015318674e-15,2.6046504151038584e-15,2.8916994303251374e-15,4.289819016811288e-14,4.578729891263909e-14,7.994789927485729e-14,5.5608765032738915e-15,9.365966723225986e-15,2.9724135207732003e-15,5.148371239083872e-15,4.699798436761765e-15,4.050716828981884e-15,3.1776437161565094e-15,1.6739276971676625e-14,1.584844825913156e-14,1.7004662376259408e-13,1.49981753838786e-13,2.5371450464258947e-13,1.3759600911837627e-15,4.2223520054579615e-15,2.2469334198890887e-15,3.462756959325817e-15,2.5121479338940403e-15,6.355287432313019e-15,5.2695259619608686e-15,1.1899840851275667e-12,1.4976278996213914e-13,8.312894519802391e-15,5.728578676879117e-15,5.276347977373722e-13,2.940930289014545e-14,3.595093471822542e-14,7.027282025565456e-15
13.89560604093062,,,,,,,,,,,,,,,,,,,,,,,20.18732484660863,30.78115737408993,0.7281471424816359,,,,,,,,,,,,,,,,,,,,,,,False,False,True,True,False,False,False,True,9.822974399592766,13.345088327872748,10.719618959586992,211.61954453644825,9.472830816439808,9.631480097049211,3.609411405474053,4.7926165701058965,9.581839089316626,9.269340719559125,8.112283342369057,4.393500414497342,11.998802446344309,17.16469773030165,19.236012208668086,19.292035187873413,16.463175424428947,15.057304917995472,5.993329109522629,15.532209281233923,8.705233639498521,15.819565132527135,4.8784383384747105,12.041937788544354,13.889208085235799,11.818796436320422,24.43976280188711,23.451198455401972,160.19490588828776,37.47152884478724,11.500826128671495,36.40799409696357,7.151623220005841,7.197733812522719,5.604841537270315,4.987860621894512,84.98791812380485,289.9423204600942,19.292193191223333,15.330967594601074,10.804045519220267,5.556325368959124,7.437852343781998,16.214198837229354,9.137524568015111,25.2168905482791,10.144634647548878,8.928889353802514,6.7844353767823,7.030825553884763,57.45515755961593,60.97446303549774,35.16670531790088,25.54256874837375,11.58659059268914,25.84228952363453,11.305535734008487,7.682702468537231,23.222920344802148,14.529159639152795,6.84238732746473,35.18113655092709,24.993166030580852,4.79575532202341,5.645536419570977,3.7152673680719532,1.3125822705654263e-14,3.222019477394343e-14,6.355287432313019e-15,8.265783682889325e-13,5.387957062944473e-15,1.3173814904902171e-14,7.83914947661523e-15,9.946012141291348e-15,9.057678187205881e-15,4.699798436761765e-15,1.194261494246377e-14,3.618714001778642e-15,1.6852000649168165e-14,2.0034281334164468e-14,3.907985046680551e-14,1.8731933446451972e-14,2.2859165855699946e-14,1.1512108063996359e-14,4.011578550459736e-15,3.233750169634279e-14,8.51910812704787e-15,2.5851943039223207e-14,2.1781206311862446e-14,1.6889408021831846e-14,3.175657067812174e-14,1.69267327259655e-14,7.768997720444385e-14,6.625596701712146e-14,4.644145587453804e-13,5.084229945850415e-14,1.1234667099445444e-15,1.347785511003338e-13,1.5015207181792904e-14,1.59229361280523e-14,1.594768810339775e-14,6.61081645103266e-15,2.4736685852430486e-13,7.970250065378017e-13,2.02224007790018e-14,3.315654622417724e-14,1.0746591856228473e-14,1.0235268839329545e-14,5.3732959281142366e-15,2.1842689291331962e-14,1.0478999857179349e-14,1.507288760336424e-14,2.3458673608756694e-14,6.646518689688359e-15,2.0046090519589682e-14,5.997670987815032e-15,3.5979010423182454e-13,2.1266485917848973e-13,1.2125115635911665e-13,1.8323187530068634e-14,9.332215382019411e-15,5.446206940275961e-14,1.1995341975630064e-14,2.8916994303251374e-15,3.602108295023236e-14,6.833781207288093e-15,2.0631755728906302e-14,5.798655639382322e-14,3.8296869258294537e-14,1.3071620866245745e-14,1.4999437661760276e-14,1.71328673266543e-14
